PC Name,No,Type,State,Winning Candidate,Party,Electors,Votes,Turnout,Margin,Margin %
Adilabad,1,ST,Telangana,Godam Nagesh,Telangana Rashtra Samithi,1386233,1045839,75.40%,171290,16.40%
Agra,18,SC,Uttar Pradesh [2000 Onwards],Dr. Ram Shankar Katheria,Bharatiya Janta Party,1814739,1070400,59.00%,300263,28.10%
Ahmadnagar,37,GEN,Maharashtra,Gandhi Dilipkumar Mansukhlal,Bharatiya Janta Party,1699408,1062318,62.50%,209122,19.70%
Ahmedabad East,7,GEN,Gujarat,Paresh Rawal,Bharatiya Janta Party,1601832,985525,61.50%,326633,33.10%
Ahmedabad West,8,SC,Gujarat,Dr. Kirit P Solanki,Bharatiya Janta Party,1534400,964609,62.90%,320311,33.20%
Ajmer,13,GEN,Rajasthan,Sanwar Lal Jat,Bharatiya Janta Party,1683292,1156314,68.70%,171983,14.90%
Akbarpur,44,GEN,Uttar Pradesh [2000 Onwards],Devendra Singh @ Bhole Singh,Bharatiya Janta Party,1768623,971375,54.90%,278997,28.70%
Akola,6,GEN,Maharashtra,Dhotre Sanjay Shamrao,Bharatiya Janta Party,1646463,978491,59.40%,203116,20.80%
Alappuzha,15,GEN,Kerala,K C Venugopal,Indian National Congress,1271324,997464,78.50%,19407,1.90%
Alathur,9,SC,Kerala,P.K.Biju,Communist Party Of India (MARXIST),1216351,927228,76.20%,37312,4.00%
Aligarh,15,GEN,Uttar Pradesh [2000 Onwards],Satish Kumar,Bharatiya Janta Party,1793126,1064357,59.40%,286736,26.90%
Alipurduars,2,ST,West Bengal,Dasrath Tirkey,All India Trinamool Congress,1470911,1223566,83.20%,21397,1.70%
Allahabad,52,GEN,Uttar Pradesh [2000 Onwards],Shyama Charan Gupta,Bharatiya Janta Party,1666569,891582,53.50%,62009,7.00%
Almora,3,SC,Uttarakhand,Ajay Tamta,Bharatiya Janta Party,1254328,656525,52.30%,95690,14.60%
Alwar,8,GEN,Rajasthan,Chand Nath,Bharatiya Janta Party,1628067,1062305,65.30%,283895,26.70%
Amalapuram,24,SC,Andhra Pradesh [2014 Onwards],Dr Pandula Ravindra Babu,Telugu Desam,1357866,1120927,82.60%,120576,10.80%
Ambala,1,SC,Haryana,Rattan Lal Kataria,Bharatiya Janta Party,1692227,1218995,72.00%,340074,27.90%
Ambedkar Nagar,55,GEN,Uttar Pradesh [2000 Onwards],Hari Om Pandey,Bharatiya Janta Party,1718774,1034404,60.20%,139429,13.50%
Amethi,37,GEN,Uttar Pradesh [2000 Onwards],Rahul Gandhi,Indian National Congress,1669843,874625,52.40%,107903,12.30%
Amravati,7,SC,Maharashtra,Adsul Anandrao Vithoba,Shiv Sena,1611365,1004061,62.30%,137932,13.70%
Amreli,14,GEN,Gujarat,Kachhadiya Naranbhai Bhikhabhai,Bharatiya Janta Party,1486286,808816,54.40%,156232,19.30%
Amritsar,2,GEN,Punjab,Captain Amarinder Singh,Indian National Congress,1477262,1007196,68.20%,102770,10.20%
Amroha,9,GEN,Uttar Pradesh [2000 Onwards],Kanwar Singh Tanwar,Bharatiya Janta Party,1544242,1095860,71.00%,158214,14.40%
Anakapalli,22,GEN,Andhra Pradesh [2014 Onwards],Muttamsetti Srinivasa Rao (AVANTHI),Telugu Desam,1401474,1148072,81.90%,47932,4.20%
Anand,16,GEN,Gujarat,Dilip Patel,Bharatiya Janta Party,1496859,970894,64.90%,63426,6.50%
Anandpur Sahib,6,GEN,Punjab,Prem Singh Chandumajra,Shiromani Akali Dal,1564721,1086563,69.40%,23697,2.20%
Anantapur,36,GEN,Andhra Pradesh [2014 Onwards],J.C. Divakar Reddi,Telugu Desam,1536912,1205054,78.40%,61269,5.10%
Anantnag,3,GEN,Jammu & Kashmir,Mehbooba Mufti,Jammu & Kashmir Peoples Democratic Party,1301023,375279,28.80%,65417,17.40%
Andaman And Nicobar Islands,1,GEN,Andaman & Nicobar Islands,Bishnu Pada Ray,Bharatiya Janta Party,269360,190328,70.70%,7812,4.10%
Aonla,24,GEN,Uttar Pradesh [2000 Onwards],Dharmendra Kumar,Bharatiya Janta Party,1653577,995641,60.20%,138429,13.90%
Arakkonam,7,GEN,Tamil Nadu,Hari G.,All India Anna Dravida Munnetra Kazhagam,1401545,1089052,77.70%,240766,22.10%
Arambagh,29,SC,West Bengal,Aparupa Poddar (AFRIN ALI),All India Trinamool Congress,1600293,1361934,85.10%,346845,25.50%
Arani,12,GEN,Tamil Nadu,V.Elumalai,All India Anna Dravida Munnetra Kazhagam,1369668,1096046,80.00%,243844,22.20%
Araria,9,GEN,Bihar [2000 Onwards],Tasleem Uddin,Rashtriya Janata Dal,1587348,975811,61.50%,146504,15.00%
Arrah,32,GEN,Bihar [2000 Onwards],Raj Kumar Singh,Bharatiya Janta Party,1832332,893213,48.80%,135870,15.20%
Aruku,18,ST,Andhra Pradesh [2014 Onwards],Kothapalli Geetha,Yuvajana Sramika Rythu Congress Party,1272724,909614,71.50%,91398,10.00%
Arunachal East,2,GEN,Arunachal Pradesh,Ninong Ering,Indian National Congress,312872,261291,83.50%,12478,4.80%
Arunachal West,1,GEN,Arunachal Pradesh,Kiren Rijiju,Bharatiya Janta Party,446515,335665,75.20%,41738,12.40%
Asansol,40,GEN,West Bengal,Babul Supriya Baral (BABUL SUPRIYO),Bharatiya Janta Party,1469684,1142395,77.70%,70480,6.20%
Aska,19,GEN,Orissa,Ladu Kishore Swain,Biju Janata Dal,1408780,896281,63.60%,311997,34.80%
Attingal,19,GEN,Kerala,Dr.A .Sampath,Communist Party Of India (MARXIST),1251398,859350,68.70%,69378,8.10%
Aurangabad,19,GEN,Maharashtra,Chandrakant Bhaurao Khaire,Shiv Sena,1589393,982933,61.80%,162000,16.50%
Aurangabad,37,GEN,Bihar [2000 Onwards],Sushil Kumar Singh,Bharatiya Janta Party,1536153,786274,51.20%,66347,8.40%
Autonomous District,3,ST,Assam,Biren Singh Engti,Indian National Congress,701890,543280,77.40%,24095,4.40%
Azamgarh,69,GEN,Uttar Pradesh [2000 Onwards],Mulayam Singh Yadav,Samajwadi Party,1703222,960218,56.40%,63204,6.60%
Badaun,23,GEN,Uttar Pradesh [2000 Onwards],Dharmendra Yadav,Samajwadi Party,1769145,1027594,58.10%,166347,16.20%
Bagalkot,3,GEN,Karnataka,Gaddigoudar Parvtagouda Chandanagouda,Bharatiya Janta Party,1568620,1079310,68.80%,116560,10.80%
Baghpat,11,GEN,Uttar Pradesh [2000 Onwards],Dr. Satya Pal Singh,Bharatiya Janta Party,1505175,1004263,66.70%,209866,20.90%
Baharampur,10,GEN,West Bengal,Adhir Ranjan Chowdhury,Indian National Congress,1453783,1154587,79.40%,356567,30.90%
Bahraich,56,SC,Uttar Pradesh [2000 Onwards],Sadhvi Savitri Bai Foole,Bharatiya Janta Party,1638645,934263,57.00%,95645,10.20%
Balaghat,15,GEN,Madhya Pradesh [2000 Onwards],Bodhsingh Bhagat,Bharatiya Janta Party,1629769,1113364,68.30%,96041,8.60%
Balasore,6,GEN,Orissa,Rabindra Kumar Jena,Biju Janata Dal,1366218,1049450,76.80%,141825,13.50%
Ballia,72,GEN,Uttar Pradesh [2000 Onwards],Bharat Singh,Bharatiya Janta Party,1768271,942211,53.30%,139434,14.80%
Balurghat,6,GEN,West Bengal,Arpita Ghosh,All India Trinamool Congress,1254497,1063053,84.70%,106964,10.10%
Banaskantha,2,GEN,Gujarat,Chaudhary Haribhai Parthibhai,Bharatiya Janta Party,1515711,886634,58.50%,202334,22.80%
Banda,48,GEN,Uttar Pradesh [2000 Onwards],Bhairon Prasad Mishra,Bharatiya Janta Party,1601917,858326,53.60%,115788,13.50%
Bangalore Central,25,GEN,Karnataka,P.C. Mohan,Bharatiya Janta Party,1931663,1074589,55.60%,137500,12.80%
Bangalore North,24,GEN,Karnataka,D.V Sadananda Gowda,Bharatiya Janta Party,2401472,1356718,56.50%,229764,16.90%
Bangalore Rural,23,GEN,Karnataka,D K Suresh,Indian National Congress,2190397,1455244,66.40%,231480,15.90%
Bangalore South,26,GEN,Karnataka,Ananth Kumar,Bharatiya Janta Party,1999882,1113726,55.70%,228575,20.50%
Bangaon,14,SC,West Bengal,Kapil Krishna Thakur,All India Trinamool Congress,1540713,1283688,83.30%,146601,11.40%
Banka,27,GEN,Bihar [2000 Onwards],Jai Prakash Narayan Yadav,Rashtriya Janata Dal,1549456,899353,58.00%,10144,1.10%
Bankura,36,GEN,West Bengal,Sreemati Dev Varma (MOON MOON SEN),All India Trinamool Congress,1503812,1236319,82.20%,98506,8.00%
Bansgaon,67,SC,Uttar Pradesh [2000 Onwards],Kamlesh Paswan,Bharatiya Janta Party,1760110,877877,49.90%,189516,21.60%
Banswara,20,ST,Rajasthan,Manshankar Ninama,Bharatiya Janta Party,1692502,1171188,69.20%,91916,7.80%
Bapatla,32,SC,Andhra Pradesh [2014 Onwards],Malyadri Sriram,Telugu Desam,1392965,1184634,85.00%,32754,2.80%
Bara Banki,53,SC,Uttar Pradesh [2000 Onwards],Priyanka Singh Rawat,Bharatiya Janta Party,1721282,1068168,62.10%,211878,19.80%
Baramati,35,GEN,Maharashtra,Supriya Sule,Nationalist Congress Party,1813543,1066556,58.80%,69719,6.50%
Baramulla,1,GEN,Jammu & Kashmir,Muzaffar Hussain Baig,Jammu & Kashmir Peoples Democratic Party,1190745,465992,39.10%,29219,6.30%
Barasat,17,GEN,West Bengal,Dr. Kakali Ghoshdostidar,All India Trinamool Congress,1512792,1269331,83.90%,173141,13.60%
Bardhaman Purba,38,SC,West Bengal,Sunil Kumar Mondal,All India Trinamool Congress,1532244,1320922,86.20%,114479,8.70%
Bardoli,23,ST,Gujarat,Vasava Parbhubhai Nagarbhai,Bharatiya Janta Party,1614106,1206179,74.70%,123884,10.30%
Bareilly,25,GEN,Uttar Pradesh [2000 Onwards],Santosh Kumar Gangwar,Bharatiya Janta Party,1664081,1017891,61.20%,240685,23.60%
Bargarh,1,GEN,Orissa,Prabhas Kumar Singh,Biju Janata Dal,1430717,1123301,78.50%,11178,1.00%
Barmer,17,GEN,Rajasthan,Col. Sona Ram,Bharatiya Janta Party,1677582,1219119,72.70%,87461,7.20%
Barpeta,6,GEN,Assam,Siraj Uddin Ajmal,All India United Democratic Front,1430175,1205863,84.30%,42341,3.50%
Barrackpore,15,GEN,West Bengal,Dinesh Trivedi,All India Trinamool Congress,1287222,1051130,81.70%,206773,19.70%
Basirhat,18,GEN,West Bengal,Idris Ali,All India Trinamool Congress,1490596,1273771,85.50%,109659,8.60%
Bastar,10,ST,Chhattisgarh,Dinesh Kashyap,Bharatiya Janta Party,1298059,769913,59.30%,124359,16.20%
Basti,61,GEN,Uttar Pradesh [2000 Onwards],Harish Chandra Alias Harish Dwivedi,Bharatiya Janta Party,1847613,1048534,56.80%,33562,3.20%
Beed,39,GEN,Maharashtra,Munde Gopinathrao Pandurang,Bharatiya Janta Party,1792650,1232202,68.70%,136454,11.10%
Begusarai,24,GEN,Bihar [2000 Onwards],Bhola Singh,Bharatiya Janta Party,1778759,1077855,60.60%,58335,5.40%
Belgaum,2,GEN,Karnataka,Angadi Suresh Channabasappa,Bharatiya Janta Party,1581017,1078547,68.20%,75860,7.00%
Bellary,9,ST,Karnataka,B. Sreeramulu,Bharatiya Janta Party,1487945,1045772,70.30%,85144,8.10%
Berhampur,20,GEN,Orissa,Sidhant Mohapatra,Biju Janata Dal,1334268,905362,67.90%,127720,14.10%
Betul,29,ST,Madhya Pradesh [2000 Onwards],Jyoti Dhurve,Bharatiya Janta Party,1607822,1047719,65.20%,328614,31.40%
Bhadohi,78,GEN,Uttar Pradesh [2000 Onwards],Virendra Singh,Bharatiya Janta Party,1834598,981552,53.50%,158039,16.10%
Bhadrak,7,SC,Orissa,Arjun Charan Sethi,Biju Janata Dal,1469498,1081339,73.60%,179359,16.60%
Bhagalpur,26,GEN,Bihar [2000 Onwards],Shailesh Kumar Urph Bulo Mandal,Rashtriya Janata Dal,1685339,974016,57.80%,9485,1.00%
Bhandara - Gondiya,11,GEN,Maharashtra,Nanabhau Falgunrao Patole,Bharatiya Janta Party,1656284,1197196,72.30%,149254,12.50%
Bharatpur,9,SC,Rajasthan,Bahadur Singh,Bharatiya Janta Party,1686897,962432,57.10%,245468,25.50%
Bharuch,22,GEN,Gujarat,Vasava Mansukhbhai Dhanjibhai,Bharatiya Janta Party,1417548,1060211,74.80%,153273,14.50%
Bhatinda,11,GEN,Punjab,Harsimrat Kaur Badal,Shiromani Akali Dal,1525289,1176767,77.20%,19395,1.60%
Bhavnagar,15,GEN,Gujarat,Dr. Bharatiben Dhirubhai Shiyal,Bharatiya Janta Party,1594531,917402,57.50%,295488,32.20%
Bhilwara,23,GEN,Rajasthan,Subhash Baheria,Bharatiya Janta Party,1754877,1104090,62.90%,246264,22.30%
Bhind,2,SC,Madhya Pradesh [2000 Onwards],Dr. Bhagirath Prasad,Bharatiya Janta Party,1598169,729084,45.60%,159961,21.90%
Bhiwandi,23,GEN,Maharashtra,Kapil Moreshwar Patil,Bharatiya Janta Party,1696589,875605,51.60%,109450,12.50%
Bhiwani-Mahendragarh,8,GEN,Haryana,Dharambir S/o Bhale Ram,Bharatiya Janta Party,1473912,1030431,69.90%,129394,12.60%
Bhongir,14,GEN,Telangana,Dr. Boora Narsaiah Goud,Telangana Rashtra Samithi,1492251,1211943,81.20%,30494,2.50%
Bhopal,19,GEN,Madhya Pradesh [2000 Onwards],Alok Sanjar,Bharatiya Janta Party,1956936,1130182,57.80%,370696,32.80%
Bhubaneswar,18,GEN,Orissa,Prasanna Kumar Patasani,Biju Janata Dal,1527768,891822,58.40%,189477,21.20%
Bidar,7,GEN,Karnataka,Bhagwanth Khuba,Bharatiya Janta Party,1600962,959384,59.90%,92222,9.60%
Bijapur,4,SC,Karnataka,Ramesh Jigajinagi,Bharatiya Janta Party,1622635,966757,59.60%,69819,7.20%
Bijnor,4,GEN,Uttar Pradesh [2000 Onwards],Kunwar Bhartendra,Bharatiya Janta Party,1562065,1060346,67.90%,205774,19.40%
Bikaner,2,SC,Rajasthan,Arjun Ram Meghwal,Bharatiya Janta Party,1591068,929751,58.40%,308079,33.10%
Bilaspur,5,GEN,Chhattisgarh,Lakhan Lal Sahu,Bharatiya Janta Party,1727325,1090457,63.10%,176436,16.20%
Birbhum,42,GEN,West Bengal,Satabdi Roy,All India Trinamool Congress,1495108,1275819,85.30%,67263,5.30%
Bishnupur,37,SC,West Bengal,Khan Saumitra,All India Trinamool Congress,1466921,1272070,86.70%,149685,11.80%
Bolangir,10,GEN,Orissa,Kalikesh Narayan Singh Deo,Biju Janata Dal,1563025,1170405,74.90%,104299,8.90%
Bolpur,41,SC,West Bengal,Anupam Hazra,All India Trinamool Congress,1538429,1304756,84.80%,236112,18.10%
Bulandshahr,14,SC,Uttar Pradesh [2000 Onwards],Bhola Singh,Bharatiya Janta Party,1736447,1009710,58.20%,421973,41.80%
Buldhana,5,GEN,Maharashtra,Jadhav Prataprao Ganpatrao,Shiv Sena,1596234,978626,61.30%,159579,16.30%
Burdwan - Durgapur,39,GEN,West Bengal,Dr. Mamtaz Sanghamita,All India Trinamool Congress,1583498,1331242,84.10%,107331,8.10%
Buxar,33,GEN,Bihar [2000 Onwards],Ashwini Kumar Choubey,Bharatiya Janta Party,1640567,888204,54.10%,132338,14.90%
Chalakudy,11,GEN,Kerala,Innocent,Independent,1150491,884033,76.80%,13884,1.60%
Chamarajanagar,22,SC,Karnataka,R. Dhruvanarayana,Indian National Congress,1555779,1133029,72.80%,141182,12.50%
Chandauli,76,GEN,Uttar Pradesh [2000 Onwards],Dr Mahendra Nath Pandey,Bharatiya Janta Party,1669140,980572,58.80%,156756,16.00%
Chandigarh,1,GEN,Chandigarh,Kher Kirron Anupam,Bharatiya Janta Party,615214,453455,73.70%,69642,15.40%
Chandni Chowk,1,GEN,Delhi [1977 Onwards],Dr. Harsh Vardhan,Bharatiya Janta Party,1447228,981863,67.80%,136320,13.90%
Chandrapur,13,GEN,Maharashtra,Ahir Hansraj Gangaram,Bharatiya Janta Party,1753690,1109743,63.30%,236269,21.30%
Chatra,4,GEN,Jharkhand,Sunil Kumar Singh,Bharatiya Janta Party,1312545,712971,54.30%,178026,25.00%
Chelvella,10,GEN,Telangana,Konda Vishweshwar Reddy,Telangana Rashtra Samithi,2185179,1315862,60.20%,73023,5.50%
Chennai Central,4,GEN,Tamil Nadu,S.R. Vijayakumar,All India Anna Dravida Munnetra Kazhagam,1328027,814894,61.40%,45841,5.60%
Chennai North,2,GEN,Tamil Nadu,Venkatesh Babu .T.G,All India Anna Dravida Munnetra Kazhagam,1422386,910114,64.00%,99704,11.00%
Chennai South,3,GEN,Tamil Nadu,Dr. J. Jayavardhan,All India Anna Dravida Munnetra Kazhagam,1795780,1081163,60.20%,136625,12.60%
Chhindwara,16,GEN,Madhya Pradesh [2000 Onwards],Kamal Nath,Indian National Congress,1401277,1107498,79.00%,116537,10.50%
Chhota Udaipur,21,ST,Gujarat,Ramsinh Rathwa,Bharatiya Janta Party,1536305,1100542,71.60%,179729,16.30%
Chidambaram,27,SC,Tamil Nadu,Chandrakasi M,All India Anna Dravida Munnetra Kazhagam,1366189,1088423,79.70%,128495,11.80%
Chikballapur,27,GEN,Karnataka,M Veerappa Moily,Indian National Congress,1658342,1263274,76.20%,9520,0.80%
Chikkodi,1,GEN,Karnataka,Prakash Babanna Hukkeri,Indian National Congress,1442296,1071103,74.30%,3003,0.30%
Chitradurga,18,SC,Karnataka,B.N.Chandrappa,Indian National Congress,1661272,1096499,66.00%,101291,9.20%
Chittoor,42,SC,Andhra Pradesh [2014 Onwards],Naramalli Sivaprasad,Telugu Desam,1452141,1198915,82.60%,44138,3.70%
Chittorgarh,21,GEN,Rajasthan,Chandra Prakash Joshi,Bharatiya Janta Party,1818147,1172629,64.50%,316857,27.00%
Churu,3,GEN,Rajasthan,Rahul Kaswan,Bharatiya Janta Party,1753825,1131104,64.50%,294739,26.10%
Coimbatore,20,GEN,Tamil Nadu,Nagarajan P.,All India Anna Dravida Munnetra Kazhagam,1720211,1176620,68.40%,42016,3.60%
Cooch Behar,1,SC,West Bengal,Renuka Sinha,All India Trinamool Congress,1613417,1332409,82.60%,87107,6.50%
Cuddalore,26,GEN,Tamil Nadu,Arunmozhithevan.A,All India Anna Dravida Munnetra Kazhagam,1247908,984538,78.90%,203125,20.60%
Cuttack,14,GEN,Orissa,Bhartruhari Mahatab,Biju Janata Dal,1371617,978604,71.40%,306762,31.30%
Dadra And Nagar Haveli,1,GEN,Dadra & Nagar Haveli,Patel Natubhai Gomanbhai,Bharatiya Janta Party,196617,165286,84.10%,6214,3.80%
Dahod,19,ST,Gujarat,Jasvantsinh Sumanbhai Bhabhor,Bharatiya Janta Party,1411765,900381,63.80%,230354,25.60%
Dakshina Kannada,17,GEN,Karnataka,Nalin Kumar Kateel,Bharatiya Janta Party,1565281,1207474,77.10%,143709,11.90%
Daman And Diu,1,GEN,Daman & Diu,Patel Lalubhai Babubhai,Bharatiya Janta Party,111827,87233,78.00%,9222,10.60%
Damoh,7,GEN,Madhya Pradesh [2000 Onwards],Prahalad Singh Patel,Bharatiya Janta Party,1651106,912080,55.20%,213299,23.40%
Darbhanga,14,GEN,Bihar [2000 Onwards],Kirti Azad,Bharatiya Janta Party,1495446,828342,55.40%,35043,4.20%
Darjeeling,4,GEN,West Bengal,S.S.Ahluwalia,Bharatiya Janta Party,1437126,1142009,79.50%,197239,17.30%
Dausa,11,ST,Rajasthan,Harish Chandra Meena,Bharatiya Janta Party,1524095,930492,61.10%,45404,4.90%
Davanagere,13,GEN,Karnataka,G M Siddeshwara,Bharatiya Janta Party,1522712,1114868,73.20%,17607,1.60%
Deoria,66,GEN,Uttar Pradesh [2000 Onwards],Kalraj Mishra,Bharatiya Janta Party,1806926,971557,53.80%,265386,27.30%
Dewas,21,SC,Madhya Pradesh [2000 Onwards],Manohar Untwal,Bharatiya Janta Party,1617215,1143968,70.70%,260313,22.80%
Dhanbad,7,GEN,Jharkhand,Pashupati Nath Singh,Bharatiya Janta Party,1889994,1143902,60.50%,292954,25.60%
Dhar,25,ST,Madhya Pradesh [2000 Onwards],Savitri Thakur,Bharatiya Janta Party,1668441,1076816,64.50%,104328,9.70%
Dharmapuri,10,GEN,Tamil Nadu,Anbumani Ramadoss,Pattali Makkal Katchi,1358273,1101345,81.10%,77146,7.00%
Dharwad,11,GEN,Karnataka,Pralhad Joshi,Bharatiya Janta Party,1579024,1041226,65.90%,113657,10.90%
Dhaurahra,29,GEN,Uttar Pradesh [2000 Onwards],Rekha,Bharatiya Janta Party,1558039,1060271,68.10%,125675,11.90%
Dhenkanal,9,GEN,Orissa,Tathagata Satpathy,Biju Janata Dal,1363467,1042101,76.40%,137340,13.20%
Dhubri,4,GEN,Assam,Badruddin Ajmal,All India United Democratic Front,1552554,1369624,88.20%,229730,16.80%
Dhule,2,GEN,Maharashtra,Dr. Bhamre Subhash Ramrao,Bharatiya Janta Party,1674469,983083,58.70%,130723,13.30%
Diamond Harbour,21,GEN,West Bengal,Abhishek Banerjee,All India Trinamool Congress,1555914,1261296,81.10%,71298,5.70%
Dibrugarh,13,GEN,Assam,Rameswar Teli,Bharatiya Janta Party,1124305,890968,79.30%,185347,20.80%
Dindigul,22,GEN,Tamil Nadu,Udhaya Kumar .M,All India Anna Dravida Munnetra Kazhagam,1400531,1083364,77.40%,127845,11.80%
Dindori,20,ST,Maharashtra,Chavan Harishchandra Deoram,Bharatiya Janta Party,1530139,970182,63.40%,247619,25.50%
Domariyaganj,60,GEN,Uttar Pradesh [2000 Onwards],Jagdambika Pal,Bharatiya Janta Party,1761415,935027,53.10%,103588,11.10%
Dum Dum,16,GEN,West Bengal,Saugata Roy,All India Trinamool Congress,1405981,1132644,80.60%,154934,13.70%
Dumka,2,ST,Jharkhand,Shibu Soren,Jharkhand Mukti Morcha,1247155,903060,72.40%,39030,4.30%
Durg,7,GEN,Chhattisgarh,Tamradhwaj Sahu,Indian National Congress,1855781,1258342,67.80%,16848,1.30%
East Delhi,3,GEN,Delhi [1977 Onwards],Maheish Girri,Bharatiya Janta Party,1829578,1196336,65.40%,190463,15.90%
Eluru,27,GEN,Andhra Pradesh [2014 Onwards],Maganti Venkateswara Rao (BABU),Telugu Desam,1427760,1201696,84.20%,101926,8.50%
Ernakulam,12,GEN,Kerala,Prof. K.V. Thomas,Indian National Congress,1156467,850834,73.60%,87047,10.20%
Erode,17,GEN,Tamil Nadu,Selvakumara Chinnayan S,All India Anna Dravida Munnetra Kazhagam,1321395,1008582,76.30%,211563,21.00%
Etah,22,GEN,Uttar Pradesh [2000 Onwards],Rajveer Singh (RAJU BHAIYA),Bharatiya Janta Party,1577457,926281,58.70%,201001,21.70%
Etawah,41,SC,Uttar Pradesh [2000 Onwards],Ashok Kumar Doharey,Bharatiya Janta Party,1707237,939604,55.00%,172946,18.40%
Faizabad,54,GEN,Uttar Pradesh [2000 Onwards],Lallu Singh,Bharatiya Janta Party,1738701,1022716,58.80%,282775,27.60%
Faridabad,10,GEN,Haryana,Krishan Pal,Bharatiya Janta Party,1740352,1130726,65.00%,466873,41.30%
Faridkot,9,SC,Punjab,Prof. Sadhu Singh,Aam Aadmi Party,1455075,1032107,70.90%,172516,16.70%
Farrukhabad,40,GEN,Uttar Pradesh [2000 Onwards],Mukesh Rajput,Bharatiya Janta Party,1613781,970677,60.20%,150502,15.50%
Fatehgarh Sahib,8,SC,Punjab,Harinder Singh Khalsa,Aam Aadmi Party,1396957,1030954,73.80%,54144,5.30%
Fatehpur,49,GEN,Uttar Pradesh [2000 Onwards],Niranjan Jyoti,Bharatiya Janta Party,1804777,1056688,58.60%,187206,17.70%
Fatehpur Sikri,19,GEN,Uttar Pradesh [2000 Onwards],Babulal,Bharatiya Janta Party,1580582,967968,61.20%,173106,17.90%
Ferozpur,10,GEN,Punjab,Sher Singh Ghubaya,Shiromani Akali Dal,1522111,1105412,72.60%,31420,2.80%
Firozabad,20,GEN,Uttar Pradesh [2000 Onwards],Akshay Yadav,Samajwadi Party,1636738,1104606,67.50%,114059,10.30%
Gadchiroli-Chimur,12,ST,Maharashtra,Ashok Mahadeorao Nete,Bharatiya Janta Party,1469767,1027129,69.90%,236870,23.10%
Gandhinagar,6,GEN,Gujarat,L.K.Advani,Bharatiya Janta Party,1733972,1135495,65.50%,483121,42.50%
Ganganagar,1,SC,Rajasthan,Nihalchand,Bharatiya Janta Party,1718421,1256806,73.10%,291741,23.20%
Garhwal,2,GEN,Uttarakhand,(MAJ GEN (RETD.) ) BHUWAN CHANDRA KHANDURI (AVSM),Bharatiya Janta Party,1269083,682024,53.70%,184526,27.10%
Gauhati,7,GEN,Assam,Bijoya Chakravarty,Bharatiya Janta Party,1922270,1511729,78.60%,315784,20.90%
Gautam Buddh Nagar,13,GEN,Uttar Pradesh [2000 Onwards],Dr.Mahesh Sharma,Bharatiya Janta Party,1986117,1199238,60.40%,280212,23.40%
Gaya,38,SC,Bihar [2000 Onwards],Hari Manjhi,Bharatiya Janta Party,1500751,809378,53.90%,115504,14.30%
Ghatal,32,GEN,West Bengal,Adhikari Deepak (DEV),All India Trinamool Congress,1610489,1366709,84.90%,260891,19.10%
Ghaziabad,12,GEN,Uttar Pradesh [2000 Onwards],Vijay Kumar Singh,Bharatiya Janta Party,2357546,1342320,56.90%,567260,42.30%
Ghazipur,75,GEN,Uttar Pradesh [2000 Onwards],Manoj Sinha,Bharatiya Janta Party,1801519,986673,54.80%,32452,3.30%
Ghosi,70,GEN,Uttar Pradesh [2000 Onwards],Harinarayan Rajbhar,Bharatiya Janta Party,1891113,1039656,55.00%,146015,14.00%
Giridih,6,GEN,Jharkhand,Ravindra Kumar Pandey,Bharatiya Janta Party,1515137,969997,64.00%,40313,4.20%
Godda,3,GEN,Jharkhand,Nishikant Dubey,Bharatiya Janta Party,1590628,1049442,66.00%,60682,5.80%
Gonda,59,GEN,Uttar Pradesh [2000 Onwards],Kirti Vardhan Singh,Bharatiya Janta Party,1710827,873732,51.10%,160416,18.40%
Gopalganj,17,SC,Bihar [2000 Onwards],Janak Ram,Bharatiya Janta Party,1652767,903583,54.70%,286936,31.80%
Gorakhpur,64,GEN,Uttar Pradesh [2000 Onwards],Adityanath,Bharatiya Janta Party,1904498,1040199,54.60%,312783,30.10%
Gulbarga,5,SC,Karnataka,Mallikarjun Kharge,Indian National Congress,1721990,997638,57.90%,74733,7.50%
Guna,4,GEN,Madhya Pradesh [2000 Onwards],Jyotiraditya M Scindia,Indian National Congress,1605619,976629,60.80%,120792,12.40%
Guntur,30,GEN,Andhra Pradesh [2014 Onwards],Jayadev Galla,Telugu Desam,1572016,1244926,79.20%,69111,5.60%
Gurdaspur,1,GEN,Punjab,Vinod Khanna,Bharatiya Janta Party,1500337,1042699,69.50%,136065,13.00%
Gurgaon,9,GEN,Haryana,Inderjit Singh Rao,Bharatiya Janta Party,1845623,1320619,71.60%,274722,20.80%
Gwalior,3,GEN,Madhya Pradesh [2000 Onwards],Narendra Singh Tomar,Bharatiya Janta Party,1877003,990912,52.80%,29699,3.00%
Hajipur,21,SC,Bihar [2000 Onwards],Ramvilas Paswan,Lok Jan Shakti Party,1649547,904753,54.90%,225500,24.90%
Hamirpur,3,GEN,Himachal Pradesh,Anurag Singh Thakur,Bharatiya Janta Party,1247699,835205,66.90%,98403,11.80%
Hamirpur,47,GEN,Uttar Pradesh [2000 Onwards],Kunwar Pushpendra Singh Chandel,Bharatiya Janta Party,1737993,975240,56.10%,266788,27.40%
Hardoi,31,SC,Uttar Pradesh [2000 Onwards],Anshul Verma,Bharatiya Janta Party,1714387,972894,56.80%,81343,8.40%
Hardwar,5,GEN,Uttarakhand,Ramesh Pokhriyal Nishank,Bharatiya Janta Party,1642873,1175692,71.60%,177822,15.10%
Hassan,16,GEN,Karnataka,H.D. Devegowda,Janata Dal (Secular),1561336,1147172,73.50%,100462,8.80%
Hathras,16,SC,Uttar Pradesh [2000 Onwards],Rajesh Kumar Diwaker,Bharatiya Janta Party,1758927,1049273,59.70%,326386,31.10%
Hatkanangle,48,GEN,Maharashtra,Raju Shetty,Swabhimani Paksha,1630598,1188871,72.90%,177810,15.00%
Haveri,10,GEN,Karnataka,Udasi Shivakumar Channabasappa,Bharatiya Janta Party,1558749,1115968,71.60%,87571,7.80%
Hazaribagh,14,GEN,Jharkhand,Jayant Sinha,Bharatiya Janta Party,1518831,967152,63.70%,159128,16.50%
Hindupur,37,GEN,Andhra Pradesh [2014 Onwards],Kristappa Nimmala,Telugu Desam,1446503,1177257,81.40%,97325,8.30%
Hingoli,15,GEN,Maharashtra,Rajeev Shankarrao Satav,Indian National Congress,1586194,1051164,66.30%,1632,0.20%
Hisar,4,GEN,Haryana,Dushyant Chautala,Indian National Lok Dal,1517606,1155914,76.20%,31847,2.80%
Hooghly,28,GEN,West Bengal,Dr. Ratna De (NAG),All India Trinamool Congress,1630042,1348870,82.80%,189084,14.00%
Hoshangabad,17,GEN,Madhya Pradesh [2000 Onwards],Uday Pratap Singh,Bharatiya Janta Party,1568127,1031175,65.80%,389960,37.80%
Hoshiarpur,5,SC,Punjab,Vijay Sampla,Bharatiya Janta Party,1485286,961297,64.70%,13582,1.40%
Howrah,25,GEN,West Bengal,Prasun Banerjee,All India Trinamool Congress,1505099,1125399,74.80%,196956,17.50%
Hyderabad,9,GEN,Telangana,Asaduddin Owaisi,All India Majlis-E-Ittehadul Muslimoon,1823664,971421,53.30%,202454,20.80%
Idukki,13,GEN,Kerala,Adv.Joice George,Independent,1158735,819766,70.80%,50542,6.20%
Indore,26,GEN,Madhya Pradesh [2000 Onwards],Sumitra Mahajan (TAI),Bharatiya Janta Party,2115303,1316817,62.30%,466901,35.50%
Inner Manipur,1,GEN,Manipur,Dr. Thokchom Meinya,Indian National Congress,855359,640871,74.90%,94674,14.80%
Jabalpur,13,GEN,Madhya Pradesh [2000 Onwards],Rakesh Singh,Bharatiya Janta Party,1711683,1002184,58.60%,208639,20.80%
Jadavpur,22,GEN,West Bengal,Sugata Bose,All India Trinamool Congress,1595746,1272362,79.70%,125203,9.80%
Jagatsinghpur,16,SC,Orissa,Kulamani Samal,Biju Janata Dal,1499673,1131932,75.50%,276394,24.40%
Jahanabad,36,GEN,Bihar [2000 Onwards],Dr. Arun Kumar,Rashtriya Lok Samta Party,1423246,811516,57.00%,42340,5.20%
Jaipur,7,GEN,Rajasthan,Ramcharan Bohara,Bharatiya Janta Party,1957818,1296806,66.20%,539345,41.60%
Jaipur Rural,6,GEN,Rajasthan,Rajyavardhan Singh Rathore,Bharatiya Janta Party,1699462,1013691,59.70%,332896,32.80%
Jajpur,8,SC,Orissa,Rita Tarai,Biju Janata Dal,1303733,980435,75.20%,320271,32.70%
Jalandhar,4,SC,Punjab,Santokh Singh Chaudhary,Indian National Congress,1551497,1040762,67.10%,70981,6.80%
Jalaun,45,SC,Uttar Pradesh [2000 Onwards],Bhanu Pratap Singh Verma,Bharatiya Janta Party,1903332,1109166,58.30%,287202,25.90%
Jalgaon,3,GEN,Maharashtra,A.T. Nana Patil,Bharatiya Janta Party,1707933,990332,58.00%,383525,38.70%
Jalna,18,GEN,Maharashtra,Danve Raosaheb Dadarao,Bharatiya Janta Party,1612054,1066259,66.10%,206798,19.40%
Jalore,18,GEN,Rajasthan,Devji Patel,Bharatiya Janta Party,1824968,1087272,59.60%,381145,35.10%
Jalpaiguri,3,SC,West Bengal,Bijoy Chandra Barman,All India Trinamool Congress,1531469,1302117,85.00%,69606,5.30%
Jammu,6,GEN,Jammu & Kashmir,Jugal Kishore,Bharatiya Janta Party,1848155,1253593,67.80%,257280,20.50%
Jamnagar,12,GEN,Gujarat,Poonamben Hematbhai Maadam,Bharatiya Janta Party,1470952,852643,58.00%,175289,20.60%
Jamshedpur,9,GEN,Jharkhand,Bidyut Baran Mahato,Bharatiya Janta Party,1581665,1049140,66.30%,99876,9.50%
Jamui,40,SC,Bihar [2000 Onwards],Chirag Kumar Paswan,Lok Jan Shakti Party,1550936,775639,50.00%,85947,11.10%
Jangipur,9,GEN,West Bengal,Abhijit Mukherjee,Indian National Congress,1391656,1119084,80.40%,8161,0.70%
Janjgir-Champa,3,SC,Chhattisgarh,Kamla Patle,Bharatiya Janta Party,1737532,1073347,61.80%,174961,16.30%
Jaunpur,73,GEN,Uttar Pradesh [2000 Onwards],Krishna Pratap 'k.P.',Bharatiya Janta Party,1848842,1007143,54.50%,146310,14.50%
Jhalawar-Baran,25,GEN,Rajasthan,Dushyant Singh,Bharatiya Janta Party,1669842,1146364,68.70%,281546,24.60%
Jhanjharpur,7,GEN,Bihar [2000 Onwards],Birendra Kumar Chaudhary,Bharatiya Janta Party,1650753,941249,57.00%,55408,5.90%
Jhansi,46,GEN,Uttar Pradesh [2000 Onwards],Uma Bharati,Bharatiya Janta Party,1932015,1320804,68.40%,190467,14.40%
Jhargram,33,ST,West Bengal,Uma Saren,All India Trinamool Congress,1475112,1257613,85.30%,347883,27.70%
Jhunjhunu,4,GEN,Rajasthan,Santosh Ahlawat,Bharatiya Janta Party,1696788,1006465,59.30%,233835,23.20%
Jodhpur,16,GEN,Rajasthan,Gajendrasingh Shekhawat,Bharatiya Janta Party,1727363,1078598,62.40%,410051,38.00%
Jorhat,12,GEN,Assam,Kamakhya Prasad Tasa,Bharatiya Janta Party,1234448,931336,75.50%,102420,11.00%
Joynagar,19,SC,West Bengal,Pratima Mondal,All India Trinamool Congress,1458724,1186052,81.30%,108384,9.10%
Junagadh,13,GEN,Gujarat,Chudasama Rajeshbhai Naranbhai,Bharatiya Janta Party,1485543,941378,63.40%,135832,14.40%
Kachchh,1,SC,Gujarat,Chavda Vinod Lakhamashi,Bharatiya Janta Party,1533782,946240,61.70%,254482,26.90%
Kadapa,38,GEN,Andhra Pradesh [2014 Onwards],Y.S. Avinash Reddy,Yuvajana Sramika Rythu Congress Party,1550579,1200662,77.40%,190323,15.90%
Kairana,2,GEN,Uttar Pradesh [2000 Onwards],Hukum Singh,Bharatiya Janta Party,1531755,1119324,73.10%,236828,21.20%
Kaiserganj,57,GEN,Uttar Pradesh [2000 Onwards],Brij Bhusan Sharan Singh,Bharatiya Janta Party,1711967,943357,55.10%,78218,8.30%
Kakinada,23,GEN,Andhra Pradesh [2014 Onwards],Thota Narasimham,Telugu Desam,1418290,1099999,77.60%,3431,0.30%
Kalahandi,11,GEN,Orissa,Arka Keshari Deo,Biju Janata Dal,1474135,1117536,75.80%,56347,5.00%
Kaliabor,11,GEN,Assam,Gourav Gogoi,Indian National Congress,1457865,1166490,80.00%,93874,8.00%
Kallakurichi,14,GEN,Tamil Nadu,Kamaraj. K,All India Anna Dravida Munnetra Kazhagam,1412499,1107241,78.40%,223507,20.20%
Kalyan,24,GEN,Maharashtra,Dr.Shrikant Eknath Shinde,Shiv Sena,1922046,824196,42.90%,250749,30.40%
Kancheepuram,6,SC,Tamil Nadu,Maragatham K,All India Anna Dravida Munnetra Kazhagam,1480123,1128399,76.20%,146866,13.00%
Kandhamal,13,GEN,Orissa,Hemendra Chandra Singh,Biju Janata Dal,1143602,839415,73.40%,181017,21.60%
Kangra,1,GEN,Himachal Pradesh,Shanta Kumar,Bharatiya Janta Party,1258601,799445,63.50%,170072,21.30%
Kanker,11,ST,Chhattisgarh,Vikram Dev Usendi,Bharatiya Janta Party,1447774,1016943,70.20%,35158,3.50%
Kannauj,42,GEN,Uttar Pradesh [2000 Onwards],Dimple Yadav,Samajwadi Party,1808889,1114460,61.60%,19907,1.80%
Kanniyakumari,39,GEN,Tamil Nadu,Radhakrishnan P.,Bharatiya Janta Party,1467796,990742,67.50%,128662,13.00%
Kannur,2,GEN,Kerala,P K Sreemathi Teacher,Communist Party Of India (MARXIST),1170266,947117,80.90%,6566,0.70%
Kanpur,43,GEN,Uttar Pradesh [2000 Onwards],Dr.Murli Manohar Joshi,Bharatiya Janta Party,1611248,835079,51.80%,222946,26.70%
Kanthi,31,GEN,West Bengal,Adhikari Sisir Kumar,All India Trinamool Congress,1490409,1290811,86.60%,229490,17.80%
Karakat,35,GEN,Bihar [2000 Onwards],Upendra Kushwaha,Rashtriya Lok Samta Party,1569989,789927,50.30%,105241,13.30%
Karauli-Dholpur,10,SC,Rajasthan,Manoj Rajoria,Bharatiya Janta Party,1549662,845941,54.60%,27216,3.20%
Karimganj,1,SC,Assam,Radheshyam Biswas,All India United Democratic Front,1165997,886920,76.10%,102094,11.50%
Karimnagar,3,GEN,Telangana,Vinod Kumar Boinapally,Telangana Rashtra Samithi,1550834,1125691,72.60%,205077,18.20%
Karnal,5,GEN,Haryana,Ashwini Kumar,Bharatiya Janta Party,1684321,1193500,70.90%,360147,30.20%
Karur,23,GEN,Tamil Nadu,Thambiduraim.,All India Anna Dravida Munnetra Kazhagam,1298322,1046534,80.60%,195247,18.70%
Kasaragod,1,GEN,Kerala,P Karunakaran,Communist Party Of India (MARXIST),1243730,974215,78.30%,6921,0.70%
Katihar,11,GEN,Bihar [2000 Onwards],Tariq Anwar,Nationalist Congress Party,1446478,977830,67.60%,114740,11.70%
Kaushambi,50,SC,Uttar Pradesh [2000 Onwards],Vinod Kumar Sonkar,Bharatiya Janta Party,1738994,910038,52.30%,42847,4.70%
Kendrapara,15,GEN,Orissa,Baijayant Panda,Biju Janata Dal,1555444,1140999,73.40%,209108,18.30%
Keonjhar,4,ST,Orissa,Sakuntala Laguri,Biju Janata Dal,1346683,1083869,80.50%,157317,14.50%
Khadoor Sahib,3,GEN,Punjab,Ranjit Singh Brahmpura,Shiromani Akali Dal,1563256,1040518,66.60%,100569,9.70%
Khagaria,25,GEN,Bihar [2000 Onwards],Choudhary Mahboob Ali Kaiser,Lok Jan Shakti Party,1492068,896231,60.10%,76003,8.50%
Khajuraho,8,GEN,Madhya Pradesh [2000 Onwards],Nagendra Singh,Bharatiya Janta Party,1702794,874477,51.40%,247490,28.30%
Khammam,17,GEN,Telangana,Ponguleti Srinivasa Reddy,Yuvajana Sramika Rythu Congress Party,1440289,1182897,82.10%,11974,1.00%
Khandwa,28,GEN,Madhya Pradesh [2000 Onwards],Nandkumar Singh Chouhan (NANDU BHAIYA),Bharatiya Janta Party,1759410,1257327,71.50%,259714,20.70%
Khargone,27,ST,Madhya Pradesh [2000 Onwards],Subhash Patel,Bharatiya Janta Party,1703271,1152525,67.70%,257879,22.40%
Kheda,17,GEN,Gujarat,Chauhan Devusinh Jesingbhai (CHAUHAN DEVUSINH),Bharatiya Janta Party,1599476,955906,59.80%,232901,24.40%
Kheri,28,GEN,Uttar Pradesh [2000 Onwards],Ajay Kumar,Bharatiya Janta Party,1679466,1077868,64.20%,110274,10.20%
Khunti,11,ST,Jharkhand,Karia Munda,Bharatiya Janta Party,1111852,736955,66.30%,92248,12.50%
Kishanganj,10,GEN,Bihar [2000 Onwards],Mohammad Asrarul Haque,Indian National Congress,1438990,928490,64.50%,194612,21.00%
Kodarma,5,GEN,Jharkhand,Ravindra Kr. Ray,Bharatiya Janta Party,1639629,1024906,62.50%,98654,9.60%
Kokrajhar,5,ST,Assam,Naba Kumar Sarania (HIRA),Independent,1505476,1223869,81.30%,355779,29.10%
Kolar,28,SC,Karnataka,K.H.Muniyappa,Indian National Congress,1492975,1127323,75.50%,47850,4.20%
Kolhapur,47,GEN,Maharashtra,Dhananjay Bhimrao Mahadik,Nationalist Congress Party,1758300,1260289,71.70%,33259,2.60%
Kolkata Dakshin,23,GEN,West Bengal,Subrata Bakshi,All India Trinamool Congress,1685296,1167979,69.30%,136339,11.70%
Kolkata Uttar,24,GEN,West Bengal,Sudip Bandyopadhyay,All India Trinamool Congress,1433985,955778,66.70%,96226,10.10%
Kollam,18,GEN,Kerala,N.K.Premachandran,Revolutionary Socialist Party,1219415,879056,72.10%,37649,4.30%
Koppal,8,GEN,Karnataka,Karadi Sanganna Amarappa,Bharatiya Janta Party,1535105,1006508,65.60%,32414,3.20%
Koraput,21,ST,Orissa,Jhina Hikaka,Biju Janata Dal,1300437,989444,76.10%,19328,2.00%
Korba,4,GEN,Chhattisgarh,Dr. Banshilal Mahto,Bharatiya Janta Party,1419610,1052720,74.20%,4265,0.40%
Kota,24,GEN,Rajasthan,Om Birla,Bharatiya Janta Party,1744539,1154960,66.20%,200782,17.40%
Kottayam,14,GEN,Kerala,Jose K. Mani,Kerala Congress(M),1161463,831636,71.60%,120599,14.50%
Kozhikode,5,GEN,Kerala,M .K Raghavan,Indian National Congress,1182484,943009,79.80%,16883,1.80%
Krishnagiri,9,GEN,Tamil Nadu,Ashok Kumar.K,All India Anna Dravida Munnetra Kazhagam,1379957,1068391,77.40%,206591,19.30%
Krishnanagar,12,GEN,West Bengal,Tapas Paul,All India Trinamool Congress,1476783,1247914,84.50%,71255,5.70%
Kurnool,35,GEN,Andhra Pradesh [2014 Onwards],Butta Renuka,Yuvajana Sramika Rythu Congress Party,1481807,1065732,71.90%,44131,4.10%
Kurukshetra,2,GEN,Haryana,Raj Kumar Saini,Bharatiya Janta Party,1498459,1135892,75.80%,129736,11.40%
Kushi Nagar,65,GEN,Uttar Pradesh [2000 Onwards],Rajesh Pandey Urf Guddu,Bharatiya Janta Party,1680992,950445,56.50%,85540,9.00%
Ladakh,4,GEN,Jammu & Kashmir,Thupstan Chhewang,Bharatiya Janta Party,166763,118029,70.80%,36,0.00%
Lakhimpur,14,GEN,Assam,Sarbananda Sonowal,Bharatiya Janta Party,1430994,1111975,77.70%,292138,26.30%
Lakshadweep,1,ST,Lakshadweep,Mohammed Faizal P.P.,Nationalist Congress Party,49922,43239,86.60%,1535,3.60%
Lalganj,68,SC,Uttar Pradesh [2000 Onwards],Neelam Sonkar,Bharatiya Janta Party,1661483,898655,54.10%,63086,7.00%
Latur,41,SC,Maharashtra,Dr. Sunil Baliram Gaikwad,Bharatiya Janta Party,1682607,1057156,62.80%,253395,24.00%
Lohardaga,12,ST,Jharkhand,Sudarshan Bhagat,Bharatiya Janta Party,1119144,651460,58.20%,6489,1.00%
Lucknow,35,GEN,Uttar Pradesh [2000 Onwards],Raj Nath Singh,Bharatiya Janta Party,1949956,1033783,53.00%,272749,26.40%
Ludhiana,7,GEN,Punjab,Ravneet Singh Bittu,Indian National Congress,1561201,1100457,70.50%,19709,1.80%
Machhlishahr,74,SC,Uttar Pradesh [2000 Onwards],Ram Charitra Nishad,Bharatiya Janta Party,1891969,997902,52.70%,172155,17.30%
Machilipatnam,28,GEN,Andhra Pradesh [2014 Onwards],Konakalla Narayana Rao,Telugu Desam,1369311,1141065,83.30%,81057,7.10%
Madha,43,GEN,Maharashtra,Mohite Patil Vijaysinh Shankarrao,Nationalist Congress Party,1727308,1079619,62.50%,25344,2.30%
Madhepura,13,GEN,Bihar [2000 Onwards],Rajesh Ranjan @ Pappu Yadav,Rashtriya Janata Dal,1725578,1034799,60.00%,56209,5.40%
Madhubani,6,GEN,Bihar [2000 Onwards],Hukm Deo Narayan Yadav,Bharatiya Janta Party,1627969,860453,52.90%,20535,2.40%
Madurai,32,GEN,Tamil Nadu,R.Gopalakrishnan,All India Anna Dravida Munnetra Kazhagam,1441434,978346,67.90%,197436,20.20%
Mahabubabad,16,ST,Telangana,Prof. Azmeera Seetaram Naik,Telangana Rashtra Samithi,1387343,1124370,81.00%,34992,3.10%
Maharajganj,63,GEN,Uttar Pradesh [2000 Onwards],Pankaj,Bharatiya Janta Party,1743131,1056078,60.60%,240458,22.80%
Maharajganj,19,GEN,Bihar [2000 Onwards],Janardan Singh Sigriwal,Bharatiya Janta Party,1644524,846654,51.50%,38415,4.50%
Mahasamund,9,GEN,Chhattisgarh,Chandu Lal Sahu (CHANDU BHAIYA),Bharatiya Janta Party,1515747,1131209,74.60%,1217,0.10%
Mahbubnagar,11,GEN,Telangana,Ap Jithender Reddy,Telangana Rashtra Samithi,1418672,1014800,71.50%,2590,0.30%
Mahesana,4,GEN,Gujarat,Patel Jayshreeben Kanubhai,Bharatiya Janta Party,1498219,1004258,67.00%,208891,20.80%
Mainpuri,21,GEN,Uttar Pradesh [2000 Onwards],Mulayam Singh Yadav,Samajwadi Party,1653065,999265,60.50%,364666,36.50%
Malappuram,6,GEN,Kerala,E. Ahamed,Indian Union Muslim League,1198444,853467,71.20%,194739,22.80%
Maldaha Dakshin,8,GEN,West Bengal,Abu Hasem Khan Chowdhury,Indian National Congress,1347143,1092407,81.10%,164111,15.00%
Maldaha Uttar,7,GEN,West Bengal,Mausam Noor,Indian National Congress,1425428,1162985,81.60%,65705,5.60%
Malkajgiri,7,GEN,Telangana,Ch.Malla Reddy,Telugu Desam,3183325,1620397,50.90%,28371,1.80%
Mandi,2,GEN,Himachal Pradesh,Ram Swaroop Sharma,Bharatiya Janta Party,1150408,726094,63.10%,39856,5.50%
Mandla,14,ST,Madhya Pradesh [2000 Onwards],Faggan Singh Kulaste,Bharatiya Janta Party,1824424,1218518,66.80%,110469,9.10%
Mandsour,23,GEN,Madhya Pradesh [2000 Onwards],Sudhir Gupta,Bharatiya Janta Party,1626571,1161349,71.40%,303649,26.10%
Mandya,20,GEN,Karnataka,C.S.Puttaraju,Janata Dal (Secular),1669262,1192638,71.50%,5518,0.50%
Mangaldoi,8,GEN,Assam,Ramen Deka,Bharatiya Janta Party,1515676,1233237,81.40%,22884,1.90%
Mathura,17,GEN,Uttar Pradesh [2000 Onwards],Hema Malini,Bharatiya Janta Party,1682260,1076868,64.00%,330743,30.70%
Mathurapur,20,SC,West Bengal,Choudhury Mohan Jatua,All India Trinamool Congress,1488784,1265531,85.00%,138436,10.90%
Maval,33,GEN,Maharashtra,Appa Alias Shrirang Chandu Barne,Shiv Sena,1953741,1174335,60.10%,157397,13.40%
Mavelikara,16,SC,Kerala,Kodikunnil Suresh,Indian National Congress,1252668,889060,71.00%,32737,3.70%
Mayiladuthurai,28,GEN,Tamil Nadu,Bharathi Mohan R.K,All India Anna Dravida Munnetra Kazhagam,1350318,1025538,76.00%,277050,27.00%
Mayurbhanj,5,ST,Orissa,Rama Chandra Hansdah,Biju Janata Dal,1327555,1053399,79.40%,122866,11.70%
Medak,6,GEN,Telangana,Kalvakuntla Chandrasekhar Rao,Telangana Rashtra Samithi,1536715,1191096,77.50%,397029,33.30%
Medinipur,34,GEN,West Bengal,Sandhya Roy,All India Trinamool Congress,1499673,1260032,84.00%,184666,14.70%
Meerut,10,GEN,Uttar Pradesh [2000 Onwards],Rajendra Agarwal,Bharatiya Janta Party,1764388,1113384,63.10%,232326,20.90%
Mirzapur,79,GEN,Uttar Pradesh [2000 Onwards],Anupriya Singh Patel,Apna Dal,1720661,1007627,58.60%,219079,21.70%
Misrikh,32,SC,Uttar Pradesh [2000 Onwards],Anju Bala,Bharatiya Janta Party,1725585,998314,57.90%,87363,8.80%
Mizoram,1,ST,Mizoram,C. L. Ruala,Indian National Congress,702170,433201,61.70%,6154,1.40%
Mohanlalganj,34,SC,Uttar Pradesh [2000 Onwards],Kaushal Kishore,Bharatiya Janta Party,1838194,1116588,60.70%,145416,13.00%
Moradabad,6,GEN,Uttar Pradesh [2000 Onwards],Kunwer Sarvesh Kumar,Bharatiya Janta Party,1772046,1127965,63.70%,87504,7.80%
Morena,1,GEN,Madhya Pradesh [2000 Onwards],Anoop Mishra,Bharatiya Janta Party,1702492,854279,50.20%,132981,15.60%
Mumbai North,26,GEN,Maharashtra,Gopal Chinayya Shetty,Bharatiya Janta Party,1783870,946562,53.10%,446582,47.20%
Mumbai North Central,29,GEN,Maharashtra,Poonam Mahajan Alias Poonam Vajendla Rao,Bharatiya Janta Party,1738894,845292,48.60%,186771,22.10%
Mumbai North East,28,GEN,Maharashtra,Kirit Somaiya,Bharatiya Janta Party,1668357,861761,51.70%,317122,36.80%
Mumbai North West,27,GEN,Maharashtra,Gajanan Chandrakant Kirtikar,Shiv Sena,1775428,895517,50.40%,183028,20.40%
Mumbai South,31,GEN,Maharashtra,Arvind Sawant,Shiv Sena,1485846,780715,52.50%,128148,16.40%
Mumbai South Central,30,GEN,Maharashtra,Rahul Ramesh Shewale,Shiv Sena,1447885,769060,53.10%,138342,18.00%
Munger,28,GEN,Bihar [2000 Onwards],Veena Devi,Lok Jan Shakti Party,1696546,914350,53.90%,109084,11.90%
Murshidabad,11,GEN,West Bengal,Badaruddoza Khan,Communist Party Of India (MARXIST),1512098,1287763,85.20%,18453,1.40%
Muzaffarnagar,3,GEN,Uttar Pradesh [2000 Onwards],(DR.) SANJEEV KUMAR BALYAN,Bharatiya Janta Party,1588483,1107434,69.70%,401150,36.20%
Muzaffarpur,15,GEN,Bihar [2000 Onwards],Ajay Nishad,Bharatiya Janta Party,1551363,948887,61.20%,222422,23.40%
Mysore,21,GEN,Karnataka,Prathap Simha,Bharatiya Janta Party,1723134,1159594,67.30%,31608,2.70%
Nabarangpur,12,ST,Orissa,Balabhadra Majhi,Biju Janata Dal,1297210,1022172,78.80%,2042,0.20%
Nagaland,1,ST,Nagaland,Neiphiu Rio,Naga Peoples Front,1182948,1038910,87.80%,400225,38.50%
Nagapattinam,29,SC,Tamil Nadu,Gopal. Dr. K,All India Anna Dravida Munnetra Kazhagam,1210626,942202,77.80%,106079,11.30%
Nagarkurnool,12,SC,Telangana,Yellaiah Nandi,Indian National Congress,1477338,1108968,75.10%,16676,1.50%
Nagaur,14,GEN,Rajasthan,C R Choudhary,Bharatiya Janta Party,1678662,1004019,59.80%,75218,7.50%
Nagina,5,SC,Uttar Pradesh [2000 Onwards],Yashwant Singh,Bharatiya Janta Party,1493411,942196,63.10%,92390,9.80%
Nagpur,10,GEN,Maharashtra,Gadkari Nitin Jairam,Bharatiya Janta Party,1900787,1085058,57.10%,284828,26.30%
Nainital-Udhamsingh Nagar,4,GEN,Uttarakhand,Bhagat Singh Koshyari,Bharatiya Janta Party,1610810,1101435,68.40%,284717,25.80%
Nalanda,29,GEN,Bihar [2000 Onwards],Kaushlendra Kumar,Janata Dal (United),1951967,921761,47.20%,9627,1.00%
Nalgonda,13,GEN,Telangana,Gutha Sukhender Reddy,Indian National Congress,1495580,1189399,79.50%,193156,16.20%
Namakkal,16,GEN,Tamil Nadu,Sundaram P.R,All India Anna Dravida Munnetra Kazhagam,1329552,1058755,79.60%,294374,27.80%
Nanded,16,GEN,Maharashtra,Ashok Shankarrao Chavan,Indian National Congress,1687057,1013350,60.10%,81455,8.00%
Nandurbar,1,ST,Maharashtra,Dr.Gavit Heena Vaijaykumar,Bharatiya Janta Party,1672715,1116676,66.80%,106905,9.60%
Nandyal,34,GEN,Andhra Pradesh [2014 Onwards],S.P.Y Reddy,Yuvajana Sramika Rythu Congress Party,1577128,1204956,76.40%,105766,8.80%
Narasaraopet,31,GEN,Andhra Pradesh [2014 Onwards],Sambasiva Rao Rayapati,Telugu Desam,1514861,1282058,84.60%,35280,2.80%
Narsapuram,26,GEN,Andhra Pradesh [2014 Onwards],Gokaraju Ganga Raju,Bharatiya Janta Party,1325143,1088951,82.20%,85351,7.80%
Nashik,21,GEN,Maharashtra,Godse Hemant Tukaram,Shiv Sena,1593237,937405,58.80%,187336,20.00%
Navsari,25,GEN,Gujarat,C. R. Patil,Bharatiya Janta Party,1764622,1160747,65.80%,558116,48.10%
Nawada,39,GEN,Bihar [2000 Onwards],Giriraj Singh,Bharatiya Janta Party,1675789,884441,52.80%,140157,15.80%
Nellore,39,GEN,Andhra Pradesh [2014 Onwards],Mekapati Rajamohan Reddy,Yuvajana Sramika Rythu Congress Party,1606140,1187648,73.90%,13478,1.10%
New Delhi,4,GEN,Delhi [1977 Onwards],Meenakashi Lekhi,Bharatiya Janta Party,1490147,969812,65.10%,162708,16.80%
Nilgiris,19,SC,Tamil Nadu,Gopalakrishnan C.,All India Anna Dravida Munnetra Kazhagam,1269163,933076,73.50%,104940,11.20%
Nizamabad,4,GEN,Telangana,Kalvakuntla Kavitha,Telangana Rashtra Samithi,1496193,1033924,69.10%,167184,16.20%
North East Delhi,2,GEN,Delhi [1977 Onwards],Manoj Tiwari,Bharatiya Janta Party,1957707,1317338,67.30%,144084,10.90%
North Goa,1,GEN,Goa,Shripad Yesso Naik,Bharatiya Janta Party,515441,406631,78.90%,105599,26.00%
North West Delhi,5,SC,Delhi [1977 Onwards],Udit Raj,Bharatiya Janta Party,2194425,1356036,61.80%,106802,7.90%
Nowgong,10,GEN,Assam,Rajen Gohain,Bharatiya Janta Party,1523881,1230074,80.70%,143559,11.70%
Ongole,33,GEN,Andhra Pradesh [2014 Onwards],Y.V.Subba Reddy,Yuvajana Sramika Rythu Congress Party,1470483,1208225,82.20%,15658,1.30%
Osmanabad,40,GEN,Maharashtra,Gaikwad Ravindra Vishwanath,Shiv Sena,1726793,1118151,64.80%,234325,21.00%
Outer Manipur,2,ST,Manipur,Thangso Baite,Indian National Congress,918966,771766,84.00%,15637,2.00%
Palakkad,8,GEN,Kerala,M B Rajesh,Communist Party Of India (MARXIST),1208758,910322,75.30%,105300,11.60%
Palamau,13,SC,Jharkhand,Vishnu Dayal Ram,Bharatiya Janta Party,1645957,977323,59.40%,263942,27.00%
Palghar,22,ST,Maharashtra,Adv. Chintaman Navasha Wanga,Bharatiya Janta Party,1578077,992618,62.90%,239520,24.10%
Pali,15,GEN,Rajasthan,P P Choudhary,Bharatiya Janta Party,1893030,1095587,57.90%,399039,36.40%
Panchmahal,18,GEN,Gujarat,Chauhan Prabhatsinh Pratapsinh,Bharatiya Janta Party,1576667,933461,59.20%,170596,18.30%
Parbhani,17,GEN,Maharashtra,Jadhav Sanjay (BANDU) HARIBHAU,Shiv Sena,1803792,1162233,64.40%,127155,10.90%
Paschim Champaran,2,GEN,Bihar [2000 Onwards],Dr. Sanjay Jaiswal,Bharatiya Janta Party,1413073,854800,60.50%,110254,12.90%
Pataliputra,31,GEN,Bihar [2000 Onwards],Ram Kripal Yadav,Bharatiya Janta Party,1736074,978649,56.40%,40322,4.10%
Patan,3,GEN,Gujarat,Liladharbhai Khodaji Vaghela,Bharatiya Janta Party,1628641,955799,58.70%,138719,14.50%
Pathanamthitta,17,GEN,Kerala,Anto Antony,Indian National Congress,1323906,869452,65.70%,56191,6.50%
Patiala,13,GEN,Punjab,Dr. Dharam Vira Gandhi,Aam Aadmi Party,1580273,1120933,70.90%,20942,1.90%
Patna Sahib,30,GEN,Bihar [2000 Onwards],Shatrughana Sinha,Bharatiya Janta Party,1946249,882262,45.30%,265805,30.10%
Peddapalli,2,SC,Telangana,Balka Suman,Telangana Rashtra Samithi,1425361,1022184,71.70%,291158,28.50%
Perambalur,25,GEN,Tamil Nadu,Marutharajaa R.P.,All India Anna Dravida Munnetra Kazhagam,1285434,1030826,80.20%,213048,20.70%
Phulpur,51,GEN,Uttar Pradesh [2000 Onwards],Keshav Prasad Maurya,Bharatiya Janta Party,1913274,960341,50.20%,308308,32.10%
Pilibhit,26,GEN,Uttar Pradesh [2000 Onwards],Maneka Sanjay Gandhi,Bharatiya Janta Party,1671151,1050547,62.90%,307052,29.20%
Pollachi,21,GEN,Tamil Nadu,Mahendran.C,All India Anna Dravida Munnetra Kazhagam,1381505,1012667,73.30%,140974,13.90%
Pondicherry,1,GEN,Pondicherry,R. Radhakrishnan,All India N.R. Congress,901357,740017,82.10%,60854,8.20%
Ponnani,7,GEN,Kerala,E. T. Mohammed Basheer,Indian Union Muslim League,1180789,871592,73.80%,25410,2.90%
Porbandar,11,GEN,Gujarat,Radadiya Vithalbhai Hansrajbhai,Bharatiya Janta Party,1539223,809433,52.60%,267971,33.10%
Pratapgarh,39,GEN,Uttar Pradesh [2000 Onwards],Kuwar Harivansh Singh,Apna Dal,1716625,894456,52.10%,168222,18.80%
Pune,34,GEN,Maharashtra,Anil Shirole,Bharatiya Janta Party,1835836,993274,54.10%,315769,31.80%
Puri,17,GEN,Orissa,Pinaki Misra,Biju Janata Dal,1404581,1039389,74.00%,263361,25.30%
Purnia,12,GEN,Bihar [2000 Onwards],Santosh Kumar,Janata Dal (United),1582967,1017732,64.30%,116669,11.50%
Purulia,35,GEN,West Bengal,Dr. Mriganka Mahato,All India Trinamool Congress,1471933,1204675,81.80%,153877,12.80%
Purvi Champaran,3,GEN,Bihar [2000 Onwards],Radha Mohan Singh,Bharatiya Janta Party,1452963,822671,56.60%,192163,23.40%
Rae Bareli,36,GEN,Uttar Pradesh [2000 Onwards],Sonia Gandhi,Indian National Congress,1594954,825136,51.70%,352713,42.70%
Raichur,6,ST,Karnataka,B.V.Nayak,Indian National Congress,1661606,968889,58.30%,1499,0.20%
Raigad,32,GEN,Maharashtra,Anant Geete,Shiv Sena,1532781,987766,64.40%,2110,0.20%
Raiganj,5,GEN,West Bengal,Md. Salim,Communist Party Of India (MARXIST),1387526,1108193,79.90%,1634,0.10%
Raigarh,2,ST,Chhattisgarh,Vishnu Deo Sai,Bharatiya Janta Party,1605824,1246186,77.60%,216750,17.40%
Raipur,8,GEN,Chhattisgarh,Ramesh Bais,Bharatiya Janta Party,1904230,1250845,65.70%,171646,13.70%
Rajahmundry,25,GEN,Andhra Pradesh [2014 Onwards],Murali Mohan Maganti,Telugu Desam,1421288,1154381,81.20%,167434,14.50%
Rajampet,41,GEN,Andhra Pradesh [2014 Onwards],P.V.Midhun Reddy,Yuvajana Sramika Rythu Congress Party,1487498,1158317,77.90%,174762,15.10%
Rajgarh,20,GEN,Madhya Pradesh [2000 Onwards],Rodmal Nagar,Bharatiya Janta Party,1578748,1010724,64.00%,228737,22.60%
Rajkot,10,GEN,Gujarat,Kundariya Mohanbhai Kalyanjibhai,Bharatiya Janta Party,1655717,1057069,63.80%,246428,23.30%
Rajmahal,1,ST,Jharkhand,Vijay Kumar Hansdak,Jharkhand Mukti Morcha,1353172,951563,70.30%,41337,4.30%
Rajnandgaon,6,GEN,Chhattisgarh,Abhishek Singh,Bharatiya Janta Party,1588095,1178296,74.20%,235911,20.00%
Rajsamand,22,GEN,Rajasthan,Hariom Singh Rathore,Bharatiya Janta Party,1699401,982119,57.80%,395705,40.30%
Ramanathapuram,35,GEN,Tamil Nadu,Anwhar Raajhaa.A,All India Anna Dravida Munnetra Kazhagam,1455891,1001048,68.80%,119324,11.90%
Rampur,7,GEN,Uttar Pradesh [2000 Onwards],Dr. Nepal Singh,Bharatiya Janta Party,1616984,956389,59.20%,23435,2.50%
Ramtek,9,SC,Maharashtra,Krupal Balaji Tumane,Shiv Sena,1677245,1050316,62.60%,175791,16.70%
Ranaghat,13,SC,West Bengal,Tapas Mandal,All India Trinamool Congress,1602849,1353196,84.40%,201767,14.90%
Ranchi,8,GEN,Jharkhand,Ram Tahal Choudhary,Bharatiya Janta Party,1648464,1049783,63.70%,199303,19.00%
Ratlam,24,ST,Madhya Pradesh [2000 Onwards],Dileepsingh Bhuria,Bharatiya Janta Party,1702648,1082681,63.60%,108447,10.00%
Ratnagiri - Sindhudurg,46,GEN,Maharashtra,Vinayak Bhaurao Raut,Shiv Sena,1367361,896256,65.60%,150051,16.70%
Raver,4,GEN,Maharashtra,Khadase Raksha Nikhil,Bharatiya Janta Party,1593370,1009213,63.30%,318068,31.50%
Rewa,10,GEN,Madhya Pradesh [2000 Onwards],Janardan Mishra,Bharatiya Janta Party,1544719,830002,53.70%,168726,20.30%
Robertsganj,80,SC,Uttar Pradesh [2000 Onwards],Chhotelal,Bharatiya Janta Party,1639561,885873,54.00%,190486,21.50%
Rohtak,7,GEN,Haryana,Deepender Singh Hooda,Indian National Congress,1567504,1044331,66.60%,170627,16.30%
Sabarkantha,5,GEN,Gujarat,Rathod Dipsinh Shankarsinh,Bharatiya Janta Party,1615840,1094002,67.70%,84455,7.70%
Sagar,5,GEN,Madhya Pradesh [2000 Onwards],Laxmi Narayan Yadav,Bharatiya Janta Party,1520184,891929,58.70%,120737,13.50%
Saharanpur,1,GEN,Uttar Pradesh [2000 Onwards],Raghav Lakhanpal,Bharatiya Janta Party,1608833,1194308,74.20%,65090,5.50%
Salem,15,GEN,Tamil Nadu,Pannerselvam.V,All India Anna Dravida Munnetra Kazhagam,1498350,1150296,76.80%,267610,23.30%
Salempur,71,GEN,Uttar Pradesh [2000 Onwards],Ravindra Kushawaha,Bharatiya Janta Party,1661737,854749,51.40%,232342,27.20%
Samastipur,23,SC,Bihar [2000 Onwards],Ram Chandra Paswan,Lok Jan Shakti Party,1503005,863199,57.40%,6872,0.80%
Sambalpur,3,GEN,Orissa,Nagendra Kumar Pradhan,Biju Janata Dal,1297098,984309,75.90%,30576,3.10%
Sambhal,8,GEN,Uttar Pradesh [2000 Onwards],Satyapal Singh,Bharatiya Janta Party,1693245,1057002,62.40%,5174,0.50%
Sangli,44,GEN,Maharashtra,Sanjaykaka Patil,Bharatiya Janta Party,1649107,1046659,63.50%,239292,22.90%
Sangrur,12,GEN,Punjab,Bhagwant Mann,Aam Aadmi Party,1424743,1099467,77.20%,211721,19.30%
Sant Kabir Nagar,62,GEN,Uttar Pradesh [2000 Onwards],Sharad Tripathi,Bharatiya Janta Party,1904327,1011649,53.10%,97978,9.70%
Saran,20,GEN,Bihar [2000 Onwards],Rajiv Pratap Rudy,Bharatiya Janta Party,1538744,863254,56.10%,40948,4.70%
Sarguja,1,ST,Chhattisgarh,Kamalbhan Singh Marabi,Bharatiya Janta Party,1523072,1187321,78.00%,147236,12.40%
Sasaram,34,SC,Bihar [2000 Onwards],Chhedi Paswan,Bharatiya Janta Party,1607747,846788,52.70%,63327,7.50%
Satara,45,GEN,Maharashtra,Shrimant Chh. Udayanraje Pratapsinha Bhonsale,Nationalist Congress Party,1719998,976681,56.80%,366594,37.50%
Satna,9,GEN,Madhya Pradesh [2000 Onwards],Ganesh Singh,Bharatiya Janta Party,1458084,913444,62.70%,8688,1.00%
Secundrabad,8,GEN,Telangana,Bandaru Dattatreya,Bharatiya Janta Party,1893647,1003769,53.00%,254735,25.40%
Shahdol,12,ST,Madhya Pradesh [2000 Onwards],Dalpat Singh Paraste,Bharatiya Janta Party,1561321,968518,62.00%,241301,24.90%
Shahjahanpur,27,SC,Uttar Pradesh [2000 Onwards],Krishna Raj,Bharatiya Janta Party,1979294,1129841,57.10%,235529,20.80%
Sheohar,4,GEN,Bihar [2000 Onwards],Rama Devi,Bharatiya Janta Party,1489724,842894,56.60%,136239,16.20%
Shillong,1,ST,Meghalaya,Vincent H. Pala,Indian National Congress,980740,619987,63.20%,40379,6.50%
Shimla,4,SC,Himachal Pradesh,Virender Kashyap,Bharatiya Janta Party,1153363,737757,64.00%,84187,11.40%
Shimoga,14,GEN,Karnataka,B. S. Yeddyurappa,Bharatiya Janta Party,1562241,1129008,72.30%,363305,32.20%
Shirdi,38,SC,Maharashtra,Lokhande Sadashiv Kisan,Shiv Sena,1459712,932645,63.90%,199922,21.40%
Shirur,36,GEN,Maharashtra,Adhalrao Shivaji Dattatrey,Shiv Sena,1824112,1089506,59.70%,301814,27.70%
Shrawasti,58,GEN,Uttar Pradesh [2000 Onwards],Daddan Mishra,Bharatiya Janta Party,1788080,979638,54.80%,85913,8.80%
Sidhi,11,GEN,Madhya Pradesh [2000 Onwards],Riti Pathak,Bharatiya Janta Party,1736050,989396,57.00%,108046,10.90%
Sikar,5,GEN,Rajasthan,Sumedhanand Saraswati,Bharatiya Janta Party,1770424,1065750,60.20%,239196,22.40%
Sikkim,1,GEN,Sikkim,Prem Das Rai,Sikkim Democratic Front,370611,308967,83.40%,41742,13.50%
Silchar,2,GEN,Assam,Sushmita Dev,Indian National Congress,1060175,799830,75.40%,35241,4.40%
Singhbhum,10,ST,Jharkhand,Laxman Giluwa,Bharatiya Janta Party,1152570,795286,69.00%,87524,11.00%
Sirsa,3,SC,Haryana,Charanjeet Singh Rori,Indian National Lok Dal,1660557,1279105,77.00%,115736,9.00%
Sitamarhi,5,GEN,Bihar [2000 Onwards],Ram Kumar Sharma,Rashtriya Lok Samta Party,1574914,900588,57.20%,147965,16.40%
Sitapur,30,GEN,Uttar Pradesh [2000 Onwards],Rajesh Verma,Bharatiya Janta Party,1550263,1026972,66.30%,51027,5.00%
Sivaganga,31,GEN,Tamil Nadu,Senthilnathan Pr,All India Anna Dravida Munnetra Kazhagam,1412373,1027036,72.70%,229385,22.30%
Siwan,18,GEN,Bihar [2000 Onwards],Om Prakash Yadav,Bharatiya Janta Party,1563860,884021,56.50%,113847,12.90%
Solapur,42,SC,Maharashtra,Sharad Bansode,Bharatiya Janta Party,1702755,951201,55.90%,149674,15.70%
Sonipat,6,GEN,Haryana,Ramesh Chander,Bharatiya Janta Party,1417188,985637,69.60%,77414,7.90%
South Delhi,7,GEN,Delhi [1977 Onwards],Ramesh Bidhuri,Bharatiya Janta Party,1752741,1102410,62.90%,107000,9.70%
South Goa,2,GEN,Goa,Adv. Narendra Keshav Sawaikar,Bharatiya Janta Party,545336,410369,75.30%,32330,7.90%
Srerampur,27,GEN,West Bengal,Kalyan Banerjee,All India Trinamool Congress,1624038,1290433,79.50%,152526,11.80%
Srikakulam,19,GEN,Andhra Pradesh [2014 Onwards],Rammohan Naidu Kinjarapu,Telugu Desam,1413989,1051446,74.40%,127572,12.10%
Srinagar,2,GEN,Jammu & Kashmir,Tariq Hameed Karra,Jammu & Kashmir Peoples Democratic Party,1205233,312212,25.90%,42280,13.50%
Sriperumbudur,5,GEN,Tamil Nadu,Ramachandran K.N. Thiru,All India Anna Dravida Munnetra Kazhagam,1946503,1286647,66.10%,102646,8.00%
Sultanpur,38,GEN,Uttar Pradesh [2000 Onwards],Feroze Varun Gandhi,Bharatiya Janta Party,1703698,964981,56.60%,178902,18.50%
Sundargarh,2,ST,Orissa,Jual @ Juel Oram,Bharatiya Janta Party,1410532,1010711,71.70%,18829,1.90%
Supaul,8,GEN,Bihar [2000 Onwards],Ranjeet Ranjan,Indian National Congress,1525592,970528,63.60%,59672,6.10%
Surat,24,GEN,Gujarat,Darshana Vikram Jardosh,Bharatiya Janta Party,1484068,947922,63.90%,533190,56.20%
Surendranagar,9,GEN,Gujarat,Fatepara Devajibhai Govindbhai,Bharatiya Janta Party,1656657,944677,57.00%,202907,21.50%
Tamluk,30,GEN,West Bengal,Adhikari Suvendu,All India Trinamool Congress,1527273,1337684,87.60%,246481,18.40%
Tehri Garhwal,1,GEN,Uttarakhand,Mala Rajya Laxmi Shah,Bharatiya Janta Party,1352845,776214,57.40%,192503,24.80%
Tenkasi,37,SC,Tamil Nadu,Vasanthi.M,All India Anna Dravida Munnetra Kazhagam,1382081,1017938,73.70%,161774,15.90%
Tezpur,9,GEN,Assam,Ram Prasad Sarmah,Bharatiya Janta Party,1259568,980688,77.90%,86020,8.80%
Thane,25,GEN,Maharashtra,Vichare Rajan Baburao,Shiv Sena,2073442,1054189,50.80%,281299,26.70%
Thanjavur,30,GEN,Tamil Nadu,Parasuraman.K,All India Anna Dravida Munnetra Kazhagam,1340050,1012258,75.50%,144119,14.20%
Theni,33,GEN,Tamil Nadu,Parthipan R.,All India Anna Dravida Munnetra Kazhagam,1441302,1075583,74.60%,314532,29.20%
Thiruvallur,1,SC,Tamil Nadu,Venugopal.P.(DR),All India Anna Dravida Munnetra Kazhagam,1702833,1254440,73.70%,323430,25.80%
Thiruvananthapuram,20,GEN,Kerala,Dr. Shashi Tharoor,Indian National Congress,1272748,873439,68.60%,15470,1.80%
Thoothukkudi,36,GEN,Tamil Nadu,Jeyasingh Thiyagaraj Natterjee.J,All India Anna Dravida Munnetra Kazhagam,1310597,916778,70.00%,124002,13.50%
Thrissur,10,GEN,Kerala,C. N. Jayadevan,Communist Party Of India,1275288,920505,72.20%,38227,4.20%
Tikamgarh,6,SC,Madhya Pradesh [2000 Onwards],Dr. Virendra Kumar,Bharatiya Janta Party,1529003,766321,50.10%,208731,27.20%
Tiruchirappalli,24,GEN,Tamil Nadu,Kumar.P,All India Anna Dravida Munnetra Kazhagam,1387140,988250,71.20%,150476,15.20%
Tirunelveli,38,GEN,Tamil Nadu,Prabakaran.K.R.P,All India Anna Dravida Munnetra Kazhagam,1420435,962330,67.80%,126099,13.10%
Tirupati,40,SC,Andhra Pradesh [2014 Onwards],Varaprasad Rao Velagapalli,Yuvajana Sramika Rythu Congress Party,1574544,1213064,77.00%,37425,3.10%
Tiruppur,18,GEN,Tamil Nadu,V.Sathyabama,All India Anna Dravida Munnetra Kazhagam,1375589,1050190,76.30%,179315,17.10%
Tiruvannamalai,11,GEN,Tamil Nadu,Vanaroja R,All India Anna Dravida Munnetra Kazhagam,1352966,1067447,78.90%,168606,15.80%
Tonk-Sawai Madhopur,12,GEN,Rajasthan,Sukhbir Singh Jaunapuria,Bharatiya Janta Party,1710775,1043040,61.00%,135311,13.00%
Tripura East,2,ST,Tripura,Jitendra Choudhury,Communist Party Of India (MARXIST),1140269,951110,83.40%,484358,50.90%
Tripura West,1,GEN,Tripura,Sankar Prasad Datta,Communist Party Of India (MARXIST),1248550,1072749,85.90%,503486,46.90%
Tumkur,19,GEN,Karnataka,Muddahanumegowda.S.P.,Indian National Congress,1518518,1101484,72.50%,74041,6.70%
Tura,2,ST,Meghalaya,Purno Agitok Sangma,National People's Party,586501,458071,78.10%,39716,8.70%
Udaipur,19,ST,Rajasthan,Arjunlal Meena,Bharatiya Janta Party,1817940,1193202,65.60%,236762,19.80%
Udhampur,5,GEN,Jammu & Kashmir,Dr. Jitendra Singh,Bharatiya Janta Party,1490244,1041758,69.90%,60976,5.90%
Udupi Chikmagalur,15,GEN,Karnataka,Shobha Karandlaje,Bharatiya Janta Party,1387295,1034108,74.50%,181643,17.60%
Ujiarpur,22,GEN,Bihar [2000 Onwards],Nityanand Rai,Bharatiya Janta Party,1428445,858920,60.10%,60469,7.00%
Ujjain,22,SC,Madhya Pradesh [2000 Onwards],Prof. Chintamani Malviya,Bharatiya Janta Party,1525481,1016405,66.60%,309663,30.50%
Uluberia,26,GEN,West Bengal,Sultan Ahmed,All India Trinamool Congress,1448632,1186027,81.90%,201222,17.00%
Unnao,33,GEN,Uttar Pradesh [2000 Onwards],Swami Sachchidanand Hari Sakshi,Bharatiya Janta Party,2164392,1201603,55.50%,310173,25.80%
Uttara Kannada,12,GEN,Karnataka,Anantkumar Hegde,Bharatiya Janta Party,1450599,1001038,69.00%,140700,14.10%
Vadakara,3,GEN,Kerala,Mullappally Ramachandran,Indian National Congress,1182504,959342,81.10%,3306,0.30%
Vadodara,20,GEN,Gujarat,Narendra Modi,Bharatiya Janta Party,1638321,1161577,70.90%,570128,49.10%
Vaishali,16,GEN,Bihar [2000 Onwards],Rama Kishore Singh,Lok Jan Shakti Party,1587202,925937,58.30%,99267,10.70%
Valmiki Nagar,1,GEN,Bihar [2000 Onwards],Satish Chandra Dubey,Bharatiya Janta Party,1456576,900114,61.80%,117793,13.10%
Valsad,26,ST,Gujarat,Dr. K.C.Patel,Bharatiya Janta Party,1512061,1122203,74.20%,208004,18.50%
Varanasi,77,GEN,Uttar Pradesh [2000 Onwards],Narendra Modi,Bharatiya Janta Party,1767486,1030685,58.30%,371784,36.10%
Vellore,8,GEN,Tamil Nadu,Senguttuvan B.,All India Anna Dravida Munnetra Kazhagam,1312251,974770,74.30%,59393,6.10%
Vidisha,18,GEN,Madhya Pradesh [2000 Onwards],Sushma Swaraj,Bharatiya Janta Party,1634370,1073473,65.70%,410698,38.30%
Vijayawada,29,GEN,Andhra Pradesh [2014 Onwards],Kesineni Srinivas,Telugu Desam,1564513,1195075,76.40%,74862,6.30%
Viluppuram,13,SC,Tamil Nadu,Rajendran S,All India Anna Dravida Munnetra Kazhagam,1387007,1067641,77.00%,193367,18.10%
Virudhunagar,34,GEN,Tamil Nadu,Radhakrishnan T,All India Anna Dravida Munnetra Kazhagam,1350495,1010930,74.90%,145551,14.40%
Visakhapatnam,21,GEN,Andhra Pradesh [2014 Onwards],Kambhampati Hari Babu,Bharatiya Janta Party,1723037,1163558,67.50%,90488,7.80%
Vizianagaram,20,GEN,Andhra Pradesh [2014 Onwards],Ashok Gajapathi Raju Pusapati,Telugu Desam,1404127,1120316,79.80%,106911,9.50%
Warangal,15,SC,Telangana,Kadiyam Srihari,Telangana Rashtra Samithi,1537781,1174631,76.40%,392574,33.40%
Wardha,8,GEN,Maharashtra,Ramdas Chandrabhanji Tadas,Bharatiya Janta Party,1564553,1013445,64.80%,215783,21.30%
Wayanad,4,GEN,Kerala,M I Shanavas,Indian National Congress,1249420,915006,73.20%,20870,2.30%
West Delhi,6,GEN,Delhi [1977 Onwards],Parvesh Sahib Singh Verma,Bharatiya Janta Party,2039410,1347971,66.10%,268586,19.90%
Yavatmal-Washim,14,GEN,Maharashtra,Gawali Bhavana Pundlikrao,Shiv Sena,1743498,1032949,59.30%,93816,9.10%
Zahirabad,5,GEN,Telangana,B.B. Patil,Telangana Rashtra Samithi,1445246,1094806,75.80%,144631,13.20%
