#,PC Name,No,Type,State,Winning Candidate,Party,Electors,Votes,Turnout,Margin,Margin %
1,Chitradurga,18,SC,Karnataka,A Narayanaswamy,Bharatiya Janta Party,1736643,1245950,72,80178.00,6.4
2,Barpeta,6,GEN,Assam,Abdul Khaleque,Indian National Congress,1449560,1458549,101.3,140307.00,9.6
3,Diamond Harbou,21,GEN,West Bengal,Abhishek Banerjee,All India Trinamool Congress,1873955,1409002,76.1,320594.00,22.8
4,Maldaha Dakshi,8,GEN,West Bengal,Abu Hasem Khan Chowdhury (DALU),Indian National Congress,1461017,1279202,88.4,8222.00,0.6
5,Murshidabad,11,GEN,West Bengal,Abu Taher Khan,All India Trinamool Congress,1824697,1453755,80.5,226417.00,15.6
6,Kandhamal,13,GEN,Orissa,Achyutananda Samanta,Biju Janata Dal,1235291,941985,77.3,149216.00,15.8
7,Nellore,22,,Andhra Pradesh [2014 Onwards],Adala Prabhakara Reddy,Yuvajana Sramika Rythu Congress Party,1460959,1287036,89.3,148571.00,11.5
8,Ghatal,32,GEN,West Bengal,Adhikari Deepak (DEV),All India Trinamool Congress,1931027,1488818,77.8,107973.00,7.3
9,Tamluk,30,GEN,West Bengal,Adhikari Dibyendu,All India Trinamool Congress,1839886,1446499,79.2,190165.00,13.1
10,Kanthi,31,GEN,West Bengal,Adhikari Sisir,All India Trinamool Congress,1793513,1424247,79.9,111668.00,7.8
11,Baharampur,10,GEN,West Bengal,Adhir Ranjan Chowdhury,Indian National Congress,1746812,1299997,75.2,80696.00,6.2
12,Alappuzha,15,GEN,Kerala,Adv. A M Ariff,Communist Party Of India (Marxist),1298061,1088728,84.3,10474.00,1
13,Attingal,19,GEN,Kerala,Adv. Adoor Prakash,Indian National Congress,1313675,1004888,76.9,38247.00,3.8
14,Idukki,13,GEN,Kerala,Adv. Dean Kuriakose,Indian National Congress,1160824,919297,79.7,171053.00,18.6
15,Ghazipur,75,GEN,Uttar Pradesh [2000 Onwards],Afzal Ansari,Bahujan Samaj Party,1832844,1105627,60.7,119392.00,10.8
16,Tura,2,ST,Meghalaya,Agatha K. Sangma,National People's Party,692353,583041,85.1,64030.00,11
17,Nainital-Udham,4,GEN,Uttarakhand,Ajay Bhatt,Bharatiya Janta Party,1754749,1258570,72.3,339096.00,26.9
18,Kheri,28,GEN,Uttar Pradesh [2000 Onwards],Ajay Kumar,Bharatiya Janta Party,1729085,1136660,66.2,218807.00,19.2
19,Bhagalpur,26,GEN,Bihar [2000 Onwards],Ajay Kumar Mandal,Janata Dal (United),1811980,1042518,59.3,277630.00,26.6
20,Muzaffarpur,15,GEN,Bihar [2000 Onwards],Ajay Nishad,Bharatiya Janta Party,1710868,1058086,62.4,409988.00,38.7
21,Almora,3,SC,Uttarakhand,Ajay Tamta,Bharatiya Janta Party,1287611,694472,55.1,232986.00,33.5
22,Azamgarh,69,GEN,Uttar Pradesh [2000 Onwards],Akhilesh Yadav,Samajwadi Party,1773820,1029112,58.4,259874.00,25.3
23,Bahraich,56,SC,Uttar Pradesh [2000 Onwards],Akshaibar Lal,Bharatiya Janta Party,1686646,989848,59.5,128752.00,13
24,Fatehgarh Sahi,8,SC,Punjab,Amar Singh,Indian National Congress,1470008,985948,68,93898.00,9.5
25,Gandhinagar,6,GEN,Gujarat,Amit Shah,Bharatiya Janta Party,1874564,1284090,69.3,557014.00,43.4
26,Uttara Kannada,12,GEN,Karnataka,Anantkumar Hegde,Bharatiya Janta Party,1535047,1153480,76.2,479649.00,41.6
27,Belgaum,2,GEN,Karnataka,Angadi Suresh Channabasappa,Bharatiya Janta Party,1749746,1205229,69.1,391304.00,32.5
28,Ujjain,22,SC,Madhya Pradesh [2000 Onwards],Anil Firojiya,Bharatiya Janta Party,1624122,1252511,77.8,365637.00,29.2
29,Tiruvannamalai,11,GEN,Tamil Nadu,Annadurai C N,Dravida Munetra Kazhagam,1431287,1151729,81.3,304187.00,26.4
30,Chikkodi,1,GEN,Karnataka,Annasaheb Shankar Jolle,Bharatiya Janta Party,1574203,1217549,78,118877.00,9.8
31,Kodarma,5,GEN,Jharkhand,Annpurna Devi,Bharatiya Janta Party,1765156,1209541,70.3,455600.00,37.7
32,Pathanamthitta,17,GEN,Kerala,Anto Antony,Indian National Congress,1332683,1026553,77.3,44243.00,4.3
33,Kendrapara,15,GEN,Orissa,Anubhav Mohanty,Biju Janata Dal,1658168,1236466,75,152584.00,12.3
34,Malkajgiri,7,GEN,Telangana,Anumula Revanth Reddy,Indian National Congress,2958564,1563063,53.4,10919.00,0.7
35,Mirzapur,79,GEN,Uttar Pradesh [2000 Onwards],Anupriya Singh Patel,Apna Dal (Soneylal),1805890,1108965,62.3,232008.00,20.9
36,Jhansi,46,GEN,Uttar Pradesh [2000 Onwards],Anurag Sharma,Bharatiya Janta Party,2385972,1380890,58.6,365683.00,26.5
37,Hamirpur,3,GEN,Himachal Pradesh,Anurag Singh Thakur,Bharatiya Janta Party,1247699,988765,79.9,399572.00,40.4
38,Bhubaneswar,18,GEN,Orissa,Aparajita Sarangi,Bharatiya Janta Party,1600900,1005215,63.2,23839.00,2.4
39,Arambagh,29,SC,West Bengal,Aparupa Poddar (AFRIN ALI),All India Trinamool Congress,1631133,1471981,91.5,1142.00,0.1
40,Khunti,11,ST,Jharkhand,Arjun Munda,Bharatiya Janta Party,1165658,832377,73.2,1445.00,0.2
41,Bikaner,2,SC,Rajasthan,Arjun Ram Meghwal,Bharatiya Janta Party,1793022,1099598,62.1,264081.00,24
42,Barrackpore,15,GEN,West Bengal,Arjun Singh,Bharatiya Janta Party,1551157,1104517,72,14857.00,1.3
43,Udaipur,19,ST,Rajasthan,Arjunlal Meena,Bharatiya Janta Party,2008400,1454518,73.8,437914.00,30.1
44,Shahjahanpur,27,SC,Uttar Pradesh [2000 Onwards],Arun Kumar Sagar,Bharatiya Janta Party,2013411,1186157,59.4,268418.00,22.6
45,Bilaspur,5,GEN,Chhattisgarh,Arun Sao,Bharatiya Janta Party,1811606,1209434,67,141763.00,11.7
46,Nizamabad,4,GEN,Telangana,Arvind Dharmapuri,Bharatiya Janta Party,1445388,1062768,73.7,70875.00,6.7
47,Mumbai South,31,GEN,Maharashtra,Arvind Ganpat Sawant,Shiv Sena,1537955,801611,53.1,100067.00,12.5
48,Rohtak,7,GEN,Haryana,Arvind Kumar Sharma,Bharatiya Janta Party,1638605,1220571,74.7,7503.00,0.6
49,Hyderabad,9,GEN,Telangana,Asaduddin Owaisi,All India Majlis-E-Ittehadul Muslimeen,1927685,877872,45.8,282186.00,32.1
50,Misrikh,32,SC,Uttar Pradesh [2000 Onwards],Ashok Kumar Rawat,Bharatiya Janta Party,1762049,1026668,58.8,100672.00,9.8
51,Madhubani,6,GEN,Bihar [2000 Onwards],Ashok Kumar Yadav,Bharatiya Janta Party,1780846,963708,54.4,454940.00,47.2
52,Gadchiroli-Chi,12,ST,Maharashtra,Ashok Mahadeorao Nete,Bharatiya Janta Party,1522662,1142698,76.7,77526.00,6.8
53,Buxar,33,GEN,Bihar [2000 Onwards],Ashwini Kumar Choubey,Bharatiya Janta Party,1806004,986861,55.6,117609.00,11.9
54,Bolpur,41,SC,West Bengal,Asit Kumar Mal,All India Trinamool Congress,1864137,1461269,79.1,106402.00,7.3
55,Ghosi,70,GEN,Uttar Pradesh [2000 Onwards],Atul Kumar Singh,Bahujan Samaj Party,1945291,1140781,58.9,122568.00,10.7
56,Kurnool,18,,Andhra Pradesh [2014 Onwards],Ayushman Doctor Sanjeev Kumar,Yuvajana Sramika Rythu Congress Party,1354509,1183035,87.9,148903.00,12.6
57,Zahirabad,5,GEN,Telangana,B.B.Patil,Telangana Rashtra Samithi,1411026,1044365,74.8,6229.00,0.6
58,Chikkballapur,27,GEN,Karnataka,B.N.Bache Gowda,Bharatiya Janta Party,1804143,1386963,77.3,182110.00,13.1
59,Shimoga,14,GEN,Karnataka,B.Y.Raghavendra.,Bharatiya Janta Party,1640421,1283577,78.7,223360.00,17.4
60,Sriperumbudur,5,GEN,Tamil Nadu,Baalu.T.R.,Dravida Munetra Kazhagam,2176499,1406782,65.7,507955.00,36.1
61,Asansol,40,GEN,West Bengal,Babul Supriyo,Bharatiya Janta Party,1770467,1238135,70.8,197637.00,16
62,South Delhi,7,GEN,Delhi [1977 Onwards],Badri Narain Sinha,Bharatiya Janta Party,1752741,1214222,69.6,367043.00,30.2
63,Dhubri,4,GEN,Assam,Badruddin Ajmal,All India United Democratic Front,1799561,1685005,94.1,226258.00,13.4
64,Valmiki Nagar,1,GEN,Bihar [2000 Onwards],Baidyanath Prasad Mahto,Janata Dal (United),1641701,1032090,65,354616.00,34.4
65,Alwar,8,GEN,Rajasthan,Balak Nath,Bharatiya Janta Party,2059180,1265674,61.7,329971.00,26.1
66,Machilipatnam,11,,Andhra Pradesh [2014 Onwards],Balashowry Vallabhaneni,Yuvajana Sramika Rythu Congress Party,1296361,1244570,97.1,60238.00,4.8
67,Tirupati,23,,Andhra Pradesh [2014 Onwards],Balli Durga Prasad Rao,Yuvajana Sramika Rythu Congress Party,1509361,1313515,88.7,228376.00,17.4
68,Chandrapur,13,GEN,Maharashtra,Balubhau Alias Suresh Narayan Dhanorkar,Indian National Congress,1846431,1238474,67.7,44763.00,3.6
69,Karimnagar,3,GEN,Telangana,Bandi Sanjay Kumar,Bharatiya Janta Party,1544460,1147697,74.8,89508.00,7.8
70,Kolkata Uttar,24,GEN,West Bengal,Bandyopadhyay Sudip,All India Trinamool Congress,1618835,950613,59.1,127095.00,13.4
71,Kalahandi,11,GEN,Orissa,Basanta Kumar Panda,Bharatiya Janta Party,1563160,1228292,79.9,26814.00,2.2
72,Vizianagaram,3,,Andhra Pradesh [2014 Onwards],Bellana Chandra Sekhar,Yuvajana Sramika Rythu Congress Party,1380455,1217890,90.4,48036.00,3.9
73,Chalakudy,11,GEN,Kerala,Benny Behanan,Indian National Congress,1163476,990224,85.8,132274.00,13.4
74,Ajmer,13,GEN,Rajasthan,Bhagirath Chaudhary,Bharatiya Janta Party,1844532,1262214,69,416424.00,33
75,Sangrur,12,GEN,Punjab,Bhagwant Mann,Aam Aadmi Party,1501950,1105888,74.1,110211.00,10
76,Bidar,7,GEN,Karnataka,Bhagwanth Khuba,Bharatiya Janta Party,1740232,1117167,64.3,116834.00,10.5
77,Dhule,2,GEN,Maharashtra,Bhamre Subhash Ramrao,Bharatiya Janta Party,1787801,1085038,60.8,229243.00,21.1
78,Jalaun,45,SC,Uttar Pradesh [2000 Onwards],Bhanu Pratap Singh Verma,Bharatiya Janta Party,1470521,1129955,77.7,158377.00,14
79,Cuttack,14,GEN,Orissa,Bhartruhari Mahtab,Biju Janata Dal,1460895,1059490,73,121201.00,11.4
80,Yavatmal-Washi,14,GEN,Maharashtra,Bhavana Pundlikrao Gawali,Shiv Sena,1812059,1174220,65,117939.00,10
81,Bulandshahr,14,SC,Uttar Pradesh [2000 Onwards],Bhola Singh,Bharatiya Janta Party,1759305,1123629,64.2,290057.00,25.8
82,Machhlishahr,74,SC,Uttar Pradesh [2000 Onwards],Bholanath (B.P. Saroj),Bharatiya Janta Party,1777073,1034925,58.9,181.00,0
83,Jamshedpur,9,GEN,Jharkhand,Bidyut Baran Mahato,Bharatiya Janta Party,1658549,1144226,69.3,302090.00,26.4
84,Mayurbhanj,5,ST,Orissa,Bishweswar Tudu,Bharatiya Janta Party,1437970,1150357,81.5,25256.00,2.2
85,Kaiserganj,57,GEN,Uttar Pradesh [2000 Onwards],Brijbhusan Sharan Singh,Bharatiya Janta Party,1779143,981400,55.9,261601.00,26.7
86,Hisar,4,GEN,Haryana,Brijendra Singh,Bharatiya Janta Party,1558281,1179869,75.9,314068.00,26.6
87,Mizoram,1,ST,Mizoram,C Lalrosanga,Mizo National Front,725057,499621,69.3,8140.00,1.6
88,Navsari,25,GEN,Gujarat,C. R. Patil,Bharatiya Janta Party,1904607,1308018,69.2,689668.00,52.7
89,Nawada,39,GEN,Bihar [2000 Onwards],Chandan Singh,Lok Jan Shakti Party,1892017,942462,51.7,148072.00,15.7
90,Jahanabad,36,GEN,Bihar [2000 Onwards],Chandeshwar Prasad,Janata Dal (United),1573907,822065,54,1751.00,0.2
91,Giridih,6,GEN,Jharkhand,Chandra Prakash Choudhary,All Jharkhand Students Union,1625806,1106918,69.3,248347.00,22.4
92,Chittorgarh,21,GEN,Rajasthan,Chandra Prakash Joshi,Bharatiya Janta Party,1982095,1458760,74.5,576247.00,39.5
93,Berhampur,20,GEN,Orissa,Chandra Sekhar Sahu,Biju Janata Dal,1433671,989910,70.1,94844.00,9.6
94,Keonjhar,4,ST,Orissa,Chandrani Murmu,Biju Janata Dal,1449996,1176292,82.5,66203.00,5.6
95,Dhar,25,ST,Madhya Pradesh [2000 Onwards],Chattarsingh Darbar,Bharatiya Janta Party,1752846,1344132,77.7,156029.00,11.6
96,Kheda,17,GEN,Gujarat,Chauhan Devusinh,Bharatiya Janta Party,1697520,1098633,65.8,367145.00,33.4
97,Kachchh,1,SC,Gujarat,Chavda Vinod Lakhamshi,Bharatiya Janta Party,1949895,1023198,53.4,305513.00,29.9
98,Sasaram,34,SC,Bihar [2000 Onwards],Chhedi Paswan,Bharatiya Janta Party,1771935,974749,56.1,165745.00,17
99,Namakkal,16,GEN,Tamil Nadu,Chinraj A.K.P,Dravida Munetra Kazhagam,1383282,1133774,83.1,265151.00,23.4
100,Amalapuram,7,,Andhra Pradesh [2014 Onwards],Chinta Anuradha,Yuvajana Sramika Rythu Congress Party,1156280,1232895,108.1,39795.00,3.2
101,Jamui,40,SC,Bihar [2000 Onwards],Chirag Kumar Paswan,Lok Jan Shakti Party,1709356,949137,57.8,241049.00,25.4
102,Khagaria,25,GEN,Bihar [2000 Onwards],Choudhary Mehboob Ali Kaiser,Lok Jan Shakti Party,1653928,966813,58.9,248570.00,25.7
103,Mathurapur,20,SC,West Bengal,Choudhury Mohan Jatua,All India Trinamool Congress,1810407,1401953,77.8,203974.00,14.5
104,Junagadh,13,GEN,Gujarat,Chudasama Rajeshbhai Naranbhai,Bharatiya Janta Party,1576209,1005224,64.8,150185.00,14.9
105,Mahasamund,9,GEN,Chhattisgarh,Chunni Lal Sahu,Bharatiya Janta Party,1613418,1222335,77.1,90511.00,7.4
106,Jaipur Rural,6,GEN,Rajasthan,Col. Rajyavardhan Rathore,Bharatiya Janta Party,1897332,1276693,67.8,393171.00,30.8
107,South Goa,2,GEN,Goa,Cosme Francisco Caitano Sardinha,Indian National Congress,572200,424575,75.2,9755.00,2.3
108,Bangalore Rura,23,GEN,Karnataka,D.K. Suresh,Indian National Congress,1601076,1621906,102.1,206870.00,12.8
109,Bangalore Nort,24,GEN,Karnataka,D.V. Sadananda Gowda,Bharatiya Janta Party,2819424,1559459,55.7,147518.00,9.5
110,Patan,3,GEN,Gujarat,Dabhi Bharatsinhji Shankarji,Bharatiya Janta Party,1689822,1126256,67.5,193879.00,17.2
111,Jalna,18,GEN,Maharashtra,Danve Raosaheb Dadarao,Bharatiya Janta Party,1765712,1208139,69.3,332815.00,27.5
112,Surat,24,GEN,Gujarat,Darshana Vikram Jardosh,Bharatiya Janta Party,1606425,1068412,67.2,548230.00,51.3
113,Warangal,15,SC,Telangana,Dayakar Pasunoori,Telangana Rashtra Samithi,1578335,1061645,68.5,350298.00,33
114,Chennai Centra,4,GEN,Tamil Nadu,Dayanidhi Maran,Dravida Munetra Kazhagam,1316388,785450,60.7,301520.00,38.4
115,Raiganj,5,GEN,West Bengal,Debasree Chaudhuri,Bharatiya Janta Party,1531944,1277109,84.3,60574.00,4.7
116,Bastar,10,ST,Chhattisgarh,Deepak Baij,Indian National Congress,1357443,912846,70.3,38982.00,4.3
117,Dadra And Nagar Haveli,1,GEN,Dadra & Nagar Haveli,Delkar Mohanbhai Sanjibhai,Independent,196617,198983,102.7,9001.00,4.5
118,Jalore,18,GEN,Rajasthan,Devaji Patel,Bharatiya Janta Party,1600603,1361619,86.2,261110.00,19.2
119,Akbarpur,44,GEN,Uttar Pradesh [2000 Onwards],Devendra Singh 'bhole',Bharatiya Janta Party,1714490,1025314,60.3,275142.00,26.8
120,Hatkanangle,48,GEN,Maharashtra,Dhairyasheel Sambhajirao Mane,Shiv Sena,1693449,1252211,74.4,96039.00,7.7
121,Tenkasi,37,SC,Tamil Nadu,Dhanush.M.Kumar,Dravida Munetra Kazhagam,1472742,1065569,73.3,120286.00,11.3
122,Bhiwani-Mahend,8,GEN,Haryana,Dharambir Singh S/o Bhale Ram,Bharatiya Janta Party,1566494,1161115,74.3,444463.00,38.3
123,Aonla,24,GEN,Uttar Pradesh [2000 Onwards],Dharmendra Kashyap,Bharatiya Janta Party,1750190,1052795,60.7,113743.00,10.8
124,Akola,6,GEN,Maharashtra,Dhotre Sanjay Shamrao,Bharatiya Janta Party,1757645,1119440,64.2,275596.00,24.6
125,Supaul,8,GEN,Bihar [2000 Onwards],Dileshwar Kamait,Janata Dal (United),1680576,1110805,66.7,266853.00,24
126,Medinipur,34,GEN,West Bengal,Dilip Ghosh,Bharatiya Janta Party,1815330,1409815,78.5,88952.00,6.3
127,Mangaldoi,8,GEN,Assam,Dilip Saikia,Bharatiya Janta Party,1723812,1506107,88.4,138545.00,9.2
128,Madhepura,13,GEN,Bihar [2000 Onwards],Dinesh Chandra Yadav,Janata Dal (United),1874003,1147274,63.3,301527.00,26.3
129,Rajsamand,22,GEN,Rajasthan,Diya Kumari,Bharatiya Janta Party,1863749,1239845,67.2,551916.00,44.5
130,Dharmapuri,10,GEN,Tamil Nadu,Dnv Senthilkumar. S.,Dravida Munetra Kazhagam,1453257,1223205,85.1,70753.00,5.8
131,Balaghat,15,GEN,Madhya Pradesh [2000 Onwards],Dr Dhal Singh Bisen,Bharatiya Janta Party,1725505,1372018,79.8,242066.00,17.6
132,Inner Manipur,1,GEN,Manipur,Dr Rajkumar Ranjan Singh,Bharatiya Janta Party,855359,759301,89.1,17755.00,2.3
133,Etawah,41,SC,Uttar Pradesh [2000 Onwards],Dr Ram Shankar Katheria,Bharatiya Janta Party,1714935,1027815,60.3,64437.00,6.3
134,Tikamgarh,6,SC,Madhya Pradesh [2000 Onwards],Dr Virendra Kumar,Bharatiya Janta Party,1717393,1096712,64.5,348059.00,31.7
135,Gopalganj,17,SC,Bihar [2000 Onwards],Dr. Alok Kumar Suman,Janata Dal (United),1832200,1024876,58.8,286434.00,27.9
136,Shirur,36,GEN,Maharashtra,Dr. Amol Ramsing Kolhe,Nationalist Congress Party,2045438,1293117,63.5,58483.00,4.5
137,Dindori,20,ST,Maharashtra,Dr. Bharati Pravin Pawar,Bharatiya Janta Party,1651955,1137631,69.4,198779.00,17.5
138,Firozabad,20,GEN,Uttar Pradesh [2000 Onwards],Dr. Chandra Sen Jadon,Bharatiya Janta Party,1698385,1075866,63.7,28781.00,2.7
139,Chelvella,10,GEN,Telangana,Dr. G. Ranjith Reddy,Telangana Rashtra Samithi,2302163,1300194,56.9,14317.00,1.1
140,Nandurbar,1,ST,Maharashtra,Dr. Heena Vijaykumar Gavit,Bharatiya Janta Party,1796321,1281738,72.6,95629.00,7.5
141,Jalpaiguri,3,SC,West Bengal,Dr. Jayanta Kumar Roy,Bharatiya Janta Party,1618231,1500922,94,184004.00,12.3
142,Udhampur,5,,Jammu & Kashmir,Dr. Jitendra Singh,Bharatiya Janta Party,1490244,1180123,79.7,357252.00,30.3
143,Barasat,17,GEN,West Bengal,Dr. Kakoli Ghoshdastidar,All India Trinamool Congress,1882204,1394766,75.1,109983.00,7.9
144,Chennai North,2,GEN,Tamil Nadu,Dr. Kalanidhi Veeraswamy,Dravida Munetra Kazhagam,1444753,955545,67.2,461518.00,48.3
145,Ahmedabad West,8,SC,Gujarat,Dr. Kirit P. Solanki,Bharatiya Janta Party,1580673,997024,64,321546.00,32.3
146,Chandauli,76,GEN,Uttar Pradesh [2000 Onwards],Dr. Mahendra Nath Pandey,Bharatiya Janta Party,1696059,1084961,64.6,13959.00,1.3
147,Gautam Buddh N,13,GEN,Uttar Pradesh [2000 Onwards],Dr. Mahesh Sharma,Bharatiya Janta Party,2107718,1392952,66.5,336922.00,24.2
148,Kishanganj,10,GEN,Bihar [2000 Onwards],Dr. Mohammad Jawed,Indian National Congress,1652940,1101603,67.8,34466.00,3.1
149,Surendranagar,9,GEN,Gujarat,Dr. Munjapara Mahendrabhai,Bharatiya Janta Party,1812702,1077726,59.9,277437.00,25.7
150,Moradabad,6,GEN,Uttar Pradesh [2000 Onwards],Dr. S.T. Hasan,Samajwadi Party,1886615,1282206,68.3,97878.00,7.6
151,Badaun,23,GEN,Uttar Pradesh [2000 Onwards],Dr. Sanghmitra Maurya,Bharatiya Janta Party,2199914,1081108,49.5,18454.00,1.7
152,Paschim Champaran,2,GEN,Bihar [2000 Onwards],Dr. Sanjay Jaiswal,Bharatiya Janta Party,1606271,1012936,65.9,293906.00,29
153,Baghpat,11,GEN,Uttar Pradesh [2000 Onwards],Dr. Satyapal Singh,Bharatiya Janta Party,1558020,1044894,67.4,23502.00,2.2
154,Sambhal,8,GEN,Uttar Pradesh [2000 Onwards],Dr. Shafiqur Rehman Barq,Samajwadi Party,1782261,1183469,66.8,174826.00,14.8
155,Thiruvananthap,20,GEN,Kerala,Dr. Shashi Tharoor,Indian National Congress,1330409,1010180,76.3,99989.00,9.9
156,Kalyan,24,GEN,Maharashtra,Dr. Shrikant Eknath Shinde,Shiv Sena,1861577,890313,48.5,344343.00,38.7
157,Bankura,36,GEN,West Bengal,Dr. Subhas Sarkar,Bharatiya Janta Party,1770248,1371855,78.3,174333.00,12.7
158,Ahmadnagar,37,GEN,Maharashtra,Dr. Sujay Radhakrishna Vikhepatil,Bharatiya Janta Party,1793677,1203797,67.3,281474.00,23.4
159,Gulbarga,5,SC,Karnataka,Dr. Umesh G Jadhav,Bharatiya Janta Party,1920070,1189361,62.5,95452.00,8
160,Krishnagiri,9,GEN,Tamil Nadu,Dr.A.Chellakumar,Indian National Congress,1482269,1161369,79.7,156765.00,13.5
161,Anakapalli,5,,Andhra Pradesh [2014 Onwards],Dr.Beesetti Venkata Satyavathi,Yuvajana Sramika Rythu Congress Party,1397335,1238491,91.1,89192.00,7.2
162,Bhavnagar,15,GEN,Gujarat,Dr.Bharatiben Dhirubhai Shiyal,Bharatiya Janta Party,1734124,1041279,61,329519.00,31.6
163,Valsad,26,ST,Gujarat,Dr.K.C.Patel,Bharatiya Janta Party,1628352,1260377,78.6,353797.00,28.1
164,Thiruvallur,1,SC,Tamil Nadu,Dr.K.Jayakumar,Indian National Congress,1882738,1408189,75.8,356955.00,25.3
165,Perambalur,25,GEN,Tamil Nadu,"Dr.Paarivendhar, T. R",Dravida Munetra Kazhagam,1376502,1102767,80.9,403518.00,36.6
166,Katihar,11,GEN,Bihar [2000 Onwards],Dulal Chandra Goswami,Janata Dal (United),1645713,1117734,69.2,57203.00,5.1
167,Betul,29,ST,Madhya Pradesh [2000 Onwards],Durga Das (D.D.) UIKEY,Bharatiya Janta Party,1702517,1357857,81.1,360241.00,26.5
168,New Delhi,4,GEN,Delhi [1977 Onwards],Durga Prasad Pande,Bharatiya Janta Party,1490147,920541,62.2,256504.00,27.9
169,Jhalawar-Baran,25,GEN,Rajasthan,Dushyant Singh,Bharatiya Janta Party,1863755,1369868,74.4,453928.00,33.1
170,Ponnani,7,GEN,Kerala,E. T. Mohammed Basheer,Indian Union Muslim League,1265341,1017265,80.9,193273.00,19
171,Mandla,14,ST,Madhya Pradesh [2000 Onwards],Faggan Singh Kulaste,Bharatiya Janta Party,1901547,1517255,81.5,97674.00,6.4
172,Srinagar,2,,Jammu & Kashmir,Farooq Abdullah,Jammu & Kashmir National Conference,1205233,186832,15.6,70050.00,37.5
173,Pilibhit,26,GEN,Uttar Pradesh [2000 Onwards],Feroze Varun Gandhi,Bharatiya Janta Party,1730628,1186589,69.1,255627.00,21.5
174,Secundrabad,8,GEN,Telangana,G . Kishan Reddy,Bharatiya Janta Party,1890049,915106,48.9,62114.00,6.8
175,Davanagere,13,GEN,Karnataka,G M Siddeshwar,Bharatiya Janta Party,1613781,1194586,74.2,169702.00,14.2
176,Tumkur,19,GEN,Karnataka,G. S. Basavaraj,Bharatiya Janta Party,1584884,1244858,79.2,13339.00,1.1
177,Bagalkot,3,GEN,Karnataka,Gaddigoudar Parvatagouda Chandanagouda,Bharatiya Janta Party,1688394,1204613,72,168187.00,14
178,Mumbai North West,27,GEN,Maharashtra,Gajanan Kirtikar,Shiv Sena,1908991,941497,50.3,260328.00,27.7
179,Jodhpur,16,GEN,Rajasthan,Gajendra Singh Shekhawat,Bharatiya Janta Party,1888942,1346243,71.9,274440.00,20.4
180,Khargone,27,ST,Madhya Pradesh [2000 Onwards],Gajendra Umrao Singh Patel,Bharatiya Janta Party,1783776,1427607,81.1,202510.00,14.2
181,Satna,9,GEN,Madhya Pradesh [2000 Onwards],Ganesh Singh,Bharatiya Janta Party,1533662,1113656,72.8,231473.00,20.8
182,Erode,17,GEN,Tamil Nadu,Ganeshamurthi A,Dravida Munetra Kazhagam,1427534,1067863,75.8,210618.00,19.7
183,Kaliabor,11,GEN,Assam,Gaurav Gogoi,Indian National Congress,1663513,1424687,86.6,209994.00,14.7
184,Kallakurichi,14,GEN,Tamil Nadu,Gautham Sigamani Pon,Dravida Munetra Kazhagam,1490339,1204375,81.6,399919.00,33.2
185,Singhbhum,10,ST,Jharkhand,Geeta Kora,Indian National Congress,1230774,879329,73.4,72155.00,8.2
186,Banka,27,GEN,Bihar [2000 Onwards],Giridhari Yadav,Janata Dal (United),1687940,995806,59.4,200532.00,20.1
187,Begusarai,24,GEN,Bihar [2000 Onwards],Giriraj Singh,Bharatiya Janta Party,1942769,1225594,64.1,422217.00,34.4
188,Pune,34,GEN,Maharashtra,Girish Bhalchandra Bapat,Bharatiya Janta Party,1997594,1035236,52.4,324628.00,31.4
189,Nagina,5,SC,Uttar Pradesh [2000 Onwards],Girish Chandra,Bahujan Samaj Party,1538579,1009456,66,166832.00,16.5
190,Tirunelveli,38,GEN,Tamil Nadu,Gnanathiraviam S,Dravida Munetra Kazhagam,1526692,1039761,68.8,185457.00,17.8
191,Aruku,1,,Andhra Pradesh [2014 Onwards],Goddeti. Madhavi,Yuvajana Sramika Rythu Congress Party,1358657,1074538,82.6,224089.00,20.9
192,Nashik,21,GEN,Maharashtra,Godse Hemant Tukaram,Shiv Sena,1764151,1121232,64,292204.00,26.1
193,Raigarh,2,ST,Chhattisgarh,Gomati Sai,Bharatiya Janta Party,1714355,1350124,79.7,66027.00,4.9
194,Darbhanga,14,GEN,Bihar [2000 Onwards],Gopal Jee Thakur,Bharatiya Janta Party,1644671,964996,59.9,267979.00,27.8
195,Mumbai North,26,GEN,Maharashtra,Gopal Shetty,Bharatiya Janta Party,1563706,989759,64.1,465247.00,47
196,North East Delhi,2,GEN,Delhi [1977 Onwards],"Goswami, Sukadev",Bharatiya Janta Party,1957707,1461475,74.9,366102.00,25.1
197,Janjgir-Champa,3,SC,Chhattisgarh,Guharam Ajgalley,Bharatiya Janta Party,1850601,1247650,68,83255.00,6.7
198,Ratlam,24,ST,Madhya Pradesh [2000 Onwards],Guman Singh Damor,Bharatiya Janta Party,1802722,1400509,79.7,90636.00,6.5
199,Amritsar,2,GEN,Punjab,Gurjeet Singh Aujla,Indian National Congress,1468972,859513,59.1,99626.00,11.6
200,Saharanpur,1,GEN,Uttar Pradesh [2000 Onwards],Haji Fazlur Rehman,Bahujan Samaj Party,1677662,1231746,73.7,22417.00,1.8
201,Nagaur,14,GEN,Rajasthan,Hanuman Beniwal,Rashtriya Loktantrik Party,1741967,1203124,69.8,181260.00,15.1
202,Basti,61,GEN,Uttar Pradesh [2000 Onwards],Harish Chandra Alias Harish Dwivedi,Bharatiya Janta Party,1839900,1054539,57.9,30354.00,2.9
203,Bathinda,11,GEN,Punjab,Harsimrat Kaur Badal,Shiromani Akali Dal,1589895,1200810,76.4,21772.00,1.8
204,Anantnag,3,,Jammu & Kashmir,Hasnain Masoodi,Jammu & Kashmir National Conference,1301023,124896,9.7,6676.00,5.3
205,Mathura,17,GEN,Uttar Pradesh [2000 Onwards],Hema Malini,Bharatiya Janta Party,1748275,1102731,63.4,293471.00,26.6
206,Hingoli,15,GEN,Maharashtra,Hemant Patil,Shiv Sena,1659433,1157516,70,277856.00,24
207,Ernakulam,12,GEN,Kerala,Hibi Eden,Indian National Congress,1190575,967203,81.7,169153.00,17.5
208,Shahdol,12,ST,Madhya Pradesh [2000 Onwards],Himadri Singh,Bharatiya Janta Party,1626916,1237858,77.3,403333.00,32.6
209,Autonomous District,3,ST,Assam,Horen Sing Bey,Bharatiya Janta Party,761744,617735,82.2,239626.00,38.8
210,Aurangabad,19,GEN,Maharashtra,Imtiaz Jaleel Syed,All India Majlis-E-Ittehadul Muslimeen,1762823,1198221,68.3,4492.00,0.4
211,Sikkim,1,GEN,Sikkim,Indra Hang Subba,Sikkim Krantikari Morcha,410317,351746,86.3,12433.00,3.5
212,Buldhana,5,GEN,Maharashtra,Jadhav Prataprao Ganpatrao,Shiv Sena,1977994,1120359,57,133287.00,11.9
213,Parbhani,17,GEN,Maharashtra,Jadhav Sanjay (BANDU) HARIBHAU,Shiv Sena,1902298,1252782,66.1,42199.00,3.4
214,East Delhi,3,GEN,Delhi [1977 Onwards],Jadunandan Prasad,Bharatiya Janta Party,1829578,1257821,69,391222.00,31.1
215,Ranaghat,13,SC,West Bengal,Jagannath Sarkar,Bharatiya Janta Party,1974979,1484035,75.6,233428.00,15.7
216,Domariyaganj,60,GEN,Uttar Pradesh [2000 Onwards],Jagdambika Pal,Bharatiya Janta Party,1894047,985269,52.6,105321.00,10.7
217,Hardoi,31,SC,Uttar Pradesh [2000 Onwards],Jai Prakash,Bharatiya Janta Party,1775274,1057558,60.2,132474.00,12.5
218,Ladakh,4,,Jammu & Kashmir,Jamyang Tsering Namgyal,Bharatiya Janta Party,166763,126426,76.4,10930.00,8.6
219,Rewa,10,GEN,Madhya Pradesh [2000 Onwards],Janardan Mishra,Bharatiya Janta Party,1628121,1013251,62.4,312807.00,30.9
220,Maharajganj,19,GEN,Bihar [2000 Onwards],"Janardan Singh 'sigriwal""",Bharatiya Janta Party,1793406,972703,55.5,230772.00,23.7
221,Khadoor Sahib,3,GEN,Punjab,Jasbir Singh Gill (DIMPA),Indian National Congress,1599081,1046032,65.7,140573.00,13.4
222,Dahod,19,ST,Gujarat,Jashvantsinh Sumanbhai Bhabhor,Bharatiya Janta Party,1542941,1063212,71,127596.00,12
223,Dausa,11,ST,Rajasthan,Jaskaur Meena,Bharatiya Janta Party,1692217,1062834,63.2,78444.00,7.4
224,Guntur,13,,Andhra Pradesh [2014 Onwards],Jayadev Galla,Telugu Desam,1486993,1351474,91.3,4205.00,0.3
225,Hazaribagh,14,GEN,Jharkhand,Jayant Sinha,Bharatiya Janta Party,1518831,1080929,71.7,479548.00,44.4
226,Bijapur,4,SC,Karnataka,Jigajinagi Ramesh Chandappa,Bharatiya Janta Party,1777109,1111354,63.2,258038.00,23.2
227,Alipurduars,2,ST,West Bengal,John Barla,Bharatiya Janta Party,1527563,1380217,91.7,243989.00,17.7
228,Karur,23,GEN,Tamil Nadu,Jothimani S,Indian National Congress,1365804,1103165,81.5,420546.00,38.1
229,Sundargarh,2,ST,Orissa,Jual Oram,Bharatiya Janta Party,1508886,1100129,73.8,223065.00,20.3
230,Jammu,6,,Jammu & Kashmir,Jugal Kishore,Bharatiya Janta Party,1848155,1478795,80.2,302875.00,20.5
231,Purulia,35,GEN,West Bengal,Jyotirmay Singh Mahato,Bharatiya Janta Party,1761215,1355236,77.6,204732.00,15.1
232,Korba,4,GEN,Chhattisgarh,Jyotsna Charandas Mahant,Indian National Congress,1340544,1137003,86.3,26349.00,2.3
233,Vadakara,3,GEN,Kerala,K. Muraleedharan,Indian National Congress,1207556,1065619,88.5,84663.00,7.9
234,Ramanathapuram,35,GEN,Tamil Nadu,K. Navaskani,Indian Union Muslim League,1553058,1066146,69.1,127122.00,11.9
235,Kannur,2,GEN,Kerala,K. Sudhakaran,Indian National Congress,1201236,1053842,88.1,94559.00,9
236,Amreli,14,GEN,Gujarat,Kachhadiya Naranbhai Bhikhabhai,Bharatiya Janta Party,1602346,909167,57.8,201431.00,22.2
237,Barmer,17,GEN,Rajasthan,Kailash Choudhary,Bharatiya Janta Party,2320339,1422271,62.1,323808.00,22.8
238,Srerampur,27,GEN,West Bengal,Kalyan Banerjee,All India Trinamool Congress,1983013,1401705,71.7,98536.00,7
239,Bansgaon,67,SC,Uttar Pradesh [2000 Onwards],Kamlesh Paswan,Bharatiya Janta Party,1748683,969136,56.2,153468.00,15.8
240,Banswara,20,ST,Rajasthan,Kanakmal Katara,Bharatiya Janta Party,1920325,1439671,76.5,305464.00,21.2
241,Thoothukkudi,36,GEN,Tamil Nadu,Kanimozhi Karunanidhi,Dravida Munetra Kazhagam,1402826,991263,71.3,347209.00,35
242,Narsapuram,9,,Andhra Pradesh [2014 Onwards],Kanumuru Raghu Rama Krishna Raju,Yuvajana Sramika Rythu Congress Party,1294966,1177738,91.9,32676.00,2.8
243,Bhiwandi,23,GEN,Maharashtra,Kapil Moreshwar Patil,Bharatiya Janta Party,1785952,1005172,57.2,156329.00,15.6
244,Koppal,8,GEN,Karnataka,Karadi Sanganna Amarappa,Bharatiya Janta Party,1706900,1190347,70.4,38397.00,3.2
245,Sivaganga,31,GEN,Tamil Nadu,Karti P Chidambaram,Indian National Congress,1529700,1084468,71.5,332244.00,30.6
246,Mohanlalganj,34,SC,Uttar Pradesh [2000 Onwards],Kaushal Kishore,Bharatiya Janta Party,1915170,1269040,66.8,90229.00,7.1
247,Nalanda,29,GEN,Bihar [2000 Onwards],Kaushlendra Kumar,Janata Dal (United),1809760,1031286,57.5,256137.00,24.8
248,Siwan,18,GEN,Bihar [2000 Onwards],Kavita Singh,Janata Dal (United),1780670,984810,55.8,116958.00,11.9
249,Mahabubabad,16,ST,Telangana,Kavitha Malothu,Telangana Rashtra Samithi,1336286,983535,74.7,146663.00,14.9
250,Phulpur,51,GEN,Uttar Pradesh [2000 Onwards],Keshari Devi Patel,Bharatiya Janta Party,1950247,978236,50.6,171968.00,17.6
251,Vijayawada,12,,Andhra Pradesh [2014 Onwards],Kesineni Srinivas (NANI),Telugu Desam,1362762,1277711,94.4,8726.00,0.7
252,Raver,4,GEN,Maharashtra,Khadse Raksha Nikhil,Bharatiya Janta Party,1707838,1092971,64.5,335882.00,30.7
253,Maldaha Uttar,7,GEN,West Bengal,Khagen Murmu,Bharatiya Janta Party,1569035,1354706,86.9,84288.00,6.2
254,Jangipur,9,GEN,West Bengal,Khalilur Rahaman,All India Trinamool Congress,1713293,1304504,76.8,245782.00,18.8
255,Bishnupur,37,SC,West Bengal,Khan Saumitra,Bharatiya Janta Party,1740964,1420648,82.4,78047.00,5.5
256,Srikakulam,2,,Andhra Pradesh [2014 Onwards],Kinjarapu Ram Mohan Naidu,Telugu Desam,1410763,1157329,83.9,6653.00,0.6
257,Arunachal West,1,GENP,Arunachal Pradesh,Kiren Rijiju,Bharatiya Janta Party,458680,358310,78.5,174843.00,48.8
258,Chandigarh,1,GEN,Chandigarh,Kirron Kher,Bharatiya Janta Party,615214,456568,74.9,46970.00,10.3
259,Gonda,59,GEN,Uttar Pradesh [2000 Onwards],Kirti Vardhan Singh Alias Raja Bhaiya,Bharatiya Janta Party,1744625,923816,53.4,166360.00,18
260,Kangra,1,GEN,Himachal Pradesh,Kishan Kapoor,Bharatiya Janta Party,1258601,1006989,80.9,477623.00,47.4
261,Mavelikkara,16,SC,Kerala,Kodikunnil Suresh,Indian National Congress,1264914,971035,77.2,61138.00,6.3
262,Bhongir,14,GEN,Telangana,Komati Reddy Venkat Reddy,Indian National Congress,1544683,1212631,79.3,5219.00,0.4
263,Eluru,10,,Andhra Pradesh [2014 Onwards],Kotagiri Sridhar,Yuvajana Sramika Rythu Congress Party,1418277,1327923,95.3,165925.00,12.5
264,Medak,6,GEN,Telangana,Kotha Prabhakar Reddy,Telangana Rashtra Samithi,1514728,1150223,77,316427.00,27.5
265,Faridabad,10,GEN,Haryana,Krishan Pal,Bharatiya Janta Party,1926323,1327295,69.2,638239.00,48.1
266,Guna,4,GEN,Madhya Pradesh [2000 Onwards],"Krishna Pal Singh ""dr. K. P. Yadav""",Bharatiya Janta Party,1631451,1178423,73,125549.00,10.7
267,Ramtek,9,SC,Maharashtra,Krupal Balaji Tumane,Shiv Sena,1818912,1196744,66.5,126783.00,10.6
268,Andaman And Nicobar Islands,1,GEN,Andaman & Nicobar Islands,Kuldeep Rai Sharma,Indian National Congress,269360,207296,77.5,1407.00,0.7
269,Jhargram,33,ST,West Bengal,Kunar Hembram,Bharatiya Janta Party,1522363,1406214,93.5,11767.00,0.8
270,Rajkot,10,GEN,Gujarat,Kundaria Mohanbhai Kalyanjibhai,Bharatiya Janta Party,1839420,1195271,66,368407.00,30.8
271,Amroha,9,GEN,Uttar Pradesh [2000 Onwards],Kunwar Danish Ali,Bahujan Samaj Party,1596897,1169182,73.6,63248.00,5.4
272,Hamirpur,47,GEN,Uttar Pradesh [2000 Onwards],Kunwar Pushpendra Singh Chandel,Bharatiya Janta Party,1715940,1089778,64.4,248652.00,22.8
273,Hindupur,20,,Andhra Pradesh [2014 Onwards],Kuruva Gorantla Madhav,Yuvajana Sramika Rythu Congress Party,1434282,1338514,94.5,140748.00,10.5
274,Faizabad,54,GEN,Uttar Pradesh [2000 Onwards],Lallu Singh,Bharatiya Janta Party,1783699,1087121,61.5,65477.00,6
275,Daman And Diu,1,GEN,Daman & Diu,Lalubhai Babubhai Patel,Bharatiya Janta Party,111827,87469,79.6,9942.00,11.4
276,Narasaraopet,14,,Andhra Pradesh [2014 Onwards],Lavu Sri Krishna Devarayalu,Yuvajana Sramika Rythu Congress Party,1545916,1437420,93.8,154002.00,10.7
277,Hooghly,28,GEN,West Bengal,Locket Chatterjee,Bharatiya Janta Party,1373449,1457842,107.1,73362.00,5
278,Outer Manipur,2,ST,Manipur,Lorho S. Pfoze,Naga Peoples Front,918966,858029,93.7,73782.00,8.6
279,Visakhapatnam,4,,Andhra Pradesh [2014 Onwards],M V V Satyanarayana,Yuvajana Sramika Rythu Congress Party,1534088,1239754,81.9,4414.00,0.4
280,Kozhikode,5,GEN,Kerala,M.K.Raghavan,Indian National Congress,1245068,1076193,86.7,85225.00,7.9
281,Ongole,16,,Andhra Pradesh [2014 Onwards],Magunta Sreenivasulu Reddy,Yuvajana Sramika Rythu Congress Party,1410224,1342368,96.7,214851.00,16
282,Karakat,35,GEN,Bihar [2000 Onwards],Mahabali Singh,Janata Dal (United),1759358,868798,50.6,84542.00,9.7
283,Dewas,21,SC,Madhya Pradesh [2000 Onwards],Mahendra Singh Solanky,Bharatiya Janta Party,1718488,1398946,81.9,372249.00,26.6
284,Dhenkanal,9,GEN,Orissa,Mahesh Sahoo,Biju Janata Dal,1461182,1131522,78.2,35412.00,3.1
285,Krishnanagar,12,GEN,West Bengal,Mahua Moitra,All India Trinamool Congress,1774833,1366443,77.4,63218.00,4.6
286,Tehri Garhwal,1,GEN,Uttarakhand,Mala Rajya Laxmi Shah,Bharatiya Janta Party,1439343,876069,61.3,300586.00,34.3
287,Kolkata Dakshi,23,GEN,West Bengal,Mala Roy,All India Trinamool Congress,1904710,1206645,64.1,155192.00,12.9
288,Bijnor,4,GEN,Uttar Pradesh [2000 Onwards],Malook Nagar,Bahujan Samaj Party,1619514,1100763,68.2,69941.00,6.4
289,Sultanpur,38,GEN,Uttar Pradesh [2000 Onwards],Maneka Sanjai Gandhi,Bharatiya Janta Party,1739538,1000316,58.1,14526.00,1.5
290,Virudhunagar,34,GEN,Tamil Nadu,"Manickam Tagore, B.",Indian National Congress,1461240,1074735,74.7,154554.00,14.4
291,Anandpur Sahib,6,GEN,Punjab,Manish Tewari,Indian National Congress,1648822,1081727,66.7,46884.00,4.3
292,Bhadrak,7,SC,Orissa,Manjulata Mandal,Biju Janata Dal,1583464,1223754,77.7,28803.00,2.4
293,Mahbubnagar,11,GEN,Telangana,Manne Srinivas Reddy,Telangana Rashtra Samithi,1417629,984634,70.2,77829.00,7.9
294,Mumbai North East,28,GEN,Maharashtra,Manoj Kotak,Bharatiya Janta Party,1527514,908993,60.3,226486.00,24.9
295,Karauli-Dholpu,10,SC,Rajasthan,Manoj Rajoria,Bharatiya Janta Party,1782015,998044,56.4,97682.00,9.8
296,Bharuch,22,GEN,Gujarat,Mansukhbhai Dhanjibhai Vasava,Bharatiya Janta Party,1522113,1149725,76,334214.00,29.1
297,Rajahmundry,8,,Andhra Pradesh [2014 Onwards],Margani Bharat,Yuvajana Sramika Rythu Congress Party,1382260,1250427,91.8,121634.00,9.7
298,Jadavpur,22,GEN,West Bengal,Mimi Chakraborty,All India Trinamool Congress,1990328,1436894,73,295239.00,20.5
299,Baramulla,1,,Jammu & Kashmir,Mohammad Akbar Lone,Jammu & Kashmir National Conference,1190745,455550,38.9,30233.00,6.6
300,Rampur,7,GEN,Uttar Pradesh [2000 Onwards],Mohammad Azam Khan,Samajwadi Party,1658551,1060921,64.4,109997.00,10.4
301,Faridkot,9,SC,Punjab,Mohammad Sadique,Indian National Congress,1515062,974947,65.6,83256.00,8.5
302,Lakshadweep,1,,Lakshadweep,Mohammed Faizal Pp,Nationalist Congress Party,49922,47009,94.4,823.00,1.8
303,Kanker,11,ST,Chhattisgarh,Mohan Mandavi,Bharatiya Janta Party,1531469,1159193,77.4,6914.00,0.6
304,Farrukhabad,40,GEN,Uttar Pradesh [2000 Onwards],Mukesh Rajput,Bharatiya Janta Party,1661488,1002953,60.8,221702.00,22.1
305,Mainpuri,21,GEN,Uttar Pradesh [2000 Onwards],Mulayam Singh Yadav,Samajwadi Party,1681508,976518,58.5,94389.00,9.7
306,Chittoor,25,,Andhra Pradesh [2014 Onwards],N. Reddeppa,Yuvajana Sramika Rythu Congress Party,1430405,1319472,93.7,137271.00,10.4
307,Kollam,18,GEN,Kerala,N.K.Premachandran,Revolutionary Socialist Party,1242521,968123,78.4,148856.00,15.4
308,Kokrajhar,5,ST,Assam,Naba Kumar Sarania,Independent,1510051,1479485,99,37786.00,2.6
309,Chhindwara,16,GEN,Madhya Pradesh [2000 Onwards],Nakul Kamal Nath,Indian National Congress,1480503,1248031,85.7,37536.00,3
310,Dakshina Kanna,17,GEN,Karnataka,Nalin Kumar Kateel,Bharatiya Janta Party,1698859,1345039,79.6,274621.00,20.4
311,Khammam,17,GEN,Telangana,Nama Nageswr Rao,Telangana Rashtra Samithi,1441181,1139831,80.2,168062.00,14.7
312,Bapatla,15,,Andhra Pradesh [2014 Onwards],Nandigam Suresh,Yuvajana Sramika Rythu Congress Party,1361646,1266492,94,16065.00,1.3
313,Khandwa,28,GEN,Madhya Pradesh [2000 Onwards],Nandkumar Singh Chouhan (NANDU BHAIYA),Bharatiya Janta Party,1849606,1468138,80.2,273343.00,18.6
314,Jhunjhunu,4,GEN,Rajasthan,Narendra Kumar,Bharatiya Janta Party,1869883,1198927,64.6,302547.00,25.2
315,Varanasi,77,GEN,Uttar Pradesh [2000 Onwards],Narendra Modi,Bharatiya Janta Party,1784093,1060476,59.7,479505.00,45.2
316,Morena,1,GEN,Madhya Pradesh [2000 Onwards],Narendra Singh Tomar,Bharatiya Janta Party,1739025,1137290,65.5,113341.00,10
317,Coimbatore,20,GEN,Tamil Nadu,Natarajan. P.R,Communist Party Of India (Marxist),1909712,1250885,66.7,179143.00,14.3
318,Amravati,7,SC,Maharashtra,Navnit Ravi Rana,Independent,1752097,1112385,63.8,36951.00,3.3
319,Kurukshetra,2,GEN,Haryana,Nayab Singh,Bharatiya Janta Party,1579115,1230202,78.1,384591.00,31.3
320,Ganganagar,1,SC,Rajasthan,Nihal Chand,Bharatiya Janta Party,1901409,1451765,77.2,406978.00,28
321,Fatehpur,49,GEN,Uttar Pradesh [2000 Onwards],Niranjan Jyoti,Bharatiya Janta Party,1783535,1043655,59.3,198205.00,19
322,Godda,3,GEN,Jharkhand,Nishikant Dubey,Bharatiya Janta Party,1683948,1194036,72,184227.00,15.4
323,Cooch Behar,1,SC,West Bengal,Nisith Pramanik,Bharatiya Janta Party,1687773,1524683,91.2,54231.00,3.6
324,Sambalpur,3,GEN,Orissa,Nitesh Ganga Deb,Bharatiya Janta Party,1399694,1124455,81.3,9162.00,0.8
325,Nagpur,10,GEN,Maharashtra,Nitin Jairam Gadkari,Bharatiya Janta Party,2060047,1186051,57.8,216009.00,18.2
326,Ujiarpur,22,GEN,Bihar [2000 Onwards],Nityanand Rai,Bharatiya Janta Party,1588209,969284,61.9,277278.00,28.6
327,Basirhat,18,GEN,West Bengal,Nusrat Jahan Ruhi,All India Trinamool Congress,1833511,1433339,78.7,350369.00,24.4
328,Kota,24,GEN,Rajasthan,Om Birla,Bharatiya Janta Party,1900514,1367034,72.6,279677.00,20.5
329,Osmanabad,40,GEN,Maharashtra,Omprakash Bhupalsinh Alias Pawan Rajenimbalkar,Shiv Sena,1783129,1204730,68.1,127566.00,10.6
330,Bangalore Cent,25,GEN,Karnataka,P. C. Mohan,Bharatiya Janta Party,2165307,1197234,55.8,70968.00,5.9
331,Pali,15,GEN,Rajasthan,P. P. Chaudhary,Bharatiya Janta Party,2105101,1359799,65.3,481597.00,35.4
332,Malappuram,6,GEN,Kerala,P.K. Kunhalikutty,Indian Union Muslim League,1306617,1034618,79.5,260153.00,25.1
333,Rajampet,24,,Andhra Pradesh [2014 Onwards],P.V.Midhun Reddy,Yuvajana Sramika Rythu Congress Party,1406762,1224354,88.6,268284.00,21.9
334,Robertsganj,80,SC,Uttar Pradesh [2000 Onwards],Pakauri Lal Kol,Apna Dal (Soneylal),1672073,988287,60.4,54336.00,5.5
335,Thanjavur,30,GEN,Tamil Nadu,"Palanimanickam,s.S.",Dravida Munetra Kazhagam,1443417,1059223,74.4,368129.00,34.8
336,Tezpur,9,GEN,Assam,Pallab Lochan Das,Bharatiya Janta Party,1437189,1190196,83.9,242841.00,20.4
337,Maharajganj,63,GEN,Uttar Pradesh [2000 Onwards],Pankaj Choudhary,Bharatiya Janta Party,1866715,1226916,66.3,340424.00,27.7
338,Banaskantha,2,GEN,Gujarat,Parbatbhai Savabhai Patel,Bharatiya Janta Party,1512076,1102081,73.7,368296.00,33.4
339,Bardoli,23,ST,Gujarat,Parbhubhai Nagarbhai Vasava,Bharatiya Janta Party,1779851,1348038,77,215447.00,16
340,Salem,15,GEN,Tamil Nadu,Parthiban.S.R,Dravida Munetra Kazhagam,1580013,1255459,80.5,146926.00,11.7
341,Hajipur,21,SC,Bihar [2000 Onwards],Pashu Pati Kumar Paras,Lok Jan Shakti Party,1810137,1006817,57,205449.00,20.4
342,Dhanbad,7,GEN,Jharkhand,Pashupati Nath Singh,Bharatiya Janta Party,2050314,1252817,61.3,486194.00,38.8
343,Ahmedabad East,7,GEN,Gujarat,Patel Hasmukhbhai Somabhai,Bharatiya Janta Party,1713598,1116367,65.7,434330.00,38.9
344,Anand,16,GEN,Gujarat,Patel Mitesh Rameshbhai (BAKABHAI),Bharatiya Janta Party,1614307,1108661,69.8,197718.00,17.8
345,Chandni Chowk,1,GEN,Delhi [1977 Onwards],"Patni, Nitai Chand",Bharatiya Janta Party,1447228,980390,68.1,228145.00,23.3
346,Puri,17,GEN,Orissa,Pinaki Misra,Biju Janata Dal,1500546,1135620,76.2,11714.00,1
347,Nandyal,17,,Andhra Pradesh [2014 Onwards],Pocha . Brahmananda Reddy,Yuvajana Sramika Rythu Congress Party,1402585,1299093,93.3,250119.00,19.3
348,Mumbai North Central,29,GEN,Maharashtra,Poonam Mahajan,Bharatiya Janta Party,1610246,901784,56.7,130005.00,14.4
349,Jamnagar,12,GEN,Gujarat,Poonamben Hematbhai Maadam,Bharatiya Janta Party,1615693,1010965,63.1,236804.00,23.4
350,Nagarkurnool,12,SC,Telangana,Pothuganti Ramulu,Telangana Rashtra Samithi,1501178,989847,66.8,189748.00,19.2
351,Lakhimpur,14,GEN,Assam,Pradan Baruah,Bharatiya Janta Party,1621466,1283589,80.1,350551.00,27.3
352,Kairana,2,GEN,Uttar Pradesh [2000 Onwards],Pradeep Kumar,Bharatiya Janta Party,1599120,1124047,70.5,92160.00,8.2
353,Araria,9,GEN,Bihar [2000 Onwards],Pradeep Kumar Singh,Bharatiya Janta Party,1469717,1169630,81,137241.00,11.7
354,Nowgong,10,GEN,Assam,Pradyut Bordoloi,Indian National Congress,1736245,1493475,86.6,16752.00,1.1
355,Damoh,7,GEN,Madhya Pradesh [2000 Onwards],Prahalad Singh Patel,Bharatiya Janta Party,1737702,1164226,67.4,353411.00,30.4
356,Hassan,16,GEN,Karnataka,Prajwal Revanna,Janata Dal (Secular),1630952,1277552,79.1,141324.00,11.1
357,Dharwad,11,GEN,Karnataka,Pralhad Joshi,Bharatiya Janta Party,1687290,1213505,72.1,205072.00,16.9
358,Aska,19,GEN,Orissa,Pramila Bisoyi,Biju Janata Dal,1494153,1013862,69,204707.00,20.2
359,Howrah,25,GEN,West Bengal,Prasun Banerjee,All India Trinamool Congress,1796175,1222293,68.4,103695.00,8.5
360,Balasore,6,GEN,Orissa,Pratap Chandra Sarangi,Bharatiya Janta Party,1471650,1157871,79.2,12956.00,1.1
361,Nanded,16,GEN,Maharashtra,Prataprao Patil Chikhalikar,Bharatiya Janta Party,1632971,1129350,69.5,40148.00,3.6
362,Mysore,21,GEN,Karnataka,Prathap Simha,Bharatiya Janta Party,1873063,1318041,70.7,138647.00,10.5
363,Tripura West,1,GEN,Tripura,Pratima Bhoumik,Bharatiya Janta Party,1285794,1107755,87.1,305689.00,27.6
364,Joynagar,19,SC,West Bengal,Pratima Mondal,All India Trinamool Congress,1805964,1356102,75.7,316775.00,23.4
365,Sant Kabir Nag,62,GEN,Uttar Pradesh [2000 Onwards],Praveen Kumar Nishad,Bharatiya Janta Party,1935219,1063390,55.6,35749.00,3.4
366,Patiala,13,GEN,Punjab,Preneet Kaur,Indian National Congress,1691510,1177903,70.3,162718.00,13.8
367,Beed,39,GEN,Maharashtra,Pritam Gopinathrao Munde,Bharatiya Janta Party,1621102,1352399,83.6,168368.00,12.4
368,Gauhati,7,GEN,Assam,Queen Oja,Bharatiya Janta Party,1930145,1763757,91.9,345606.00,19.6
369,Arrah,32,GEN,Bihar [2000 Onwards],R. K. Singh,Bharatiya Janta Party,2055316,1080684,53.6,147285.00,13.6
370,Banda,48,GEN,Uttar Pradesh [2000 Onwards],R.K. Singh Patel,Bharatiya Janta Party,1659357,1034549,63.5,58938.00,5.7
371,Purvi Champaran,3,GEN,Bihar [2000 Onwards],Radha Mohan Singh,Bharatiya Janta Party,1631187,999400,62.7,293648.00,29.4
372,Wayanad,4,GEN,Kerala,Rahul Gandhi,Indian National Congress,1306141,1092197,83.8,431770.00,39.5
373,Churu,3,GEN,Rajasthan,Rahul Kaswan,Bharatiya Janta Party,1962475,1328422,68.2,334402.00,25.2
374,Mumbai South Central,30,GEN,Maharashtra,Rahul Ramesh Shewale,Shiv Sena,1388390,797250,58.4,152139.00,19.1
375,Raichur,6,ST,Karnataka,Raja Amareshwara Naik,Bharatiya Janta Party,1896652,1124385,60.1,117716.00,10.5
376,Nilgiris,19,SC,Tamil Nadu,"Raja, A.",Dravida Munetra Kazhagam,1336480,1010719,77,205823.00,20.4
377,Thane,25,GEN,Maharashtra,Rajan Baburao Vichare,Shiv Sena,2178348,1170518,54.7,412145.00,35.2
378,Jagatsinghpur,16,SC,Orissa,Rajashree Mallick,Biju Janata Dal,1584635,1229190,78,271655.00,22.1
379,Sagar,5,GEN,Madhya Pradesh [2000 Onwards],Rajbahadur Singh,Bharatiya Janta Party,1550731,1037175,67.5,305542.00,29.5
380,Silchar,2,GEN,Assam,Rajdeep Roy,Bharatiya Janta Party,1002420,949696,95.6,81596.00,8.6
381,Meerut,10,GEN,Uttar Pradesh [2000 Onwards],Rajendra Agarwal,Bharatiya Janta Party,1817780,1216413,67.3,4729.00,0.4
382,Palghar,22,ST,Maharashtra,Rajendra Dhedya Gavit,Shiv Sena,1727531,1201941,71.3,88883.00,7.4
383,Sitapur,30,GEN,Uttar Pradesh [2000 Onwards],Rajesh Verma,Bharatiya Janta Party,1653132,1064521,64.9,100833.00,9.5
384,Saran,20,GEN,Bihar [2000 Onwards],Rajiv Pratap Rudy,Bharatiya Janta Party,1655736,941656,58.6,138429.00,14.7
385,Munger,28,GEN,Bihar [2000 Onwards],Rajiv Ranjan Singh Alias Lalan Singh,Janata Dal (United),1870993,1036268,55.9,167937.00,16.2
386,Fatehpur Sikri,19,GEN,Uttar Pradesh [2000 Onwards],Rajkumar Chahar,Bharatiya Janta Party,1660405,1037151,63.1,495065.00,47.7
387,Kasaragod,1,GEN,Kerala,Rajmohan Unnithan,Indian National Congress,1305827,1100051,84.6,40438.00,3.7
388,Lucknow,35,GEN,Uttar Pradesh [2000 Onwards],Rajnath Singh,Bharatiya Janta Party,1939448,1116445,58,347302.00,31.1
389,Darjeeling,4,GEN,West Bengal,Raju Bista,Bharatiya Janta Party,1519531,1267270,84.1,413443.00,32.6
390,Etah,22,GEN,Uttar Pradesh [2000 Onwards],Rajveer Singh (Raju Bhaiya),Bharatiya Janta Party,1587949,999607,63.3,122670.00,12.3
391,Hathras,16,SC,Uttar Pradesh [2000 Onwards],Rajvir Diler,Bharatiya Janta Party,1799499,1150294,64.4,260208.00,22.6
392,Jabalpur,13,GEN,Madhya Pradesh [2000 Onwards],Rakesh Singh,Bharatiya Janta Party,1767369,1263573,71.7,454744.00,36
393,Pataliputra,31,GEN,Bihar [2000 Onwards],Ram Kripal Yadav,Bharatiya Janta Party,1909112,1077749,56.8,39321.00,3.6
394,North West Delhi,5,SC,Delhi [1977 Onwards],Ram Raksha Upadhya,Bharatiya Janta Party,2194425,1402962,64.4,553897.00,39.5
395,Shrawasti,58,GEN,Uttar Pradesh [2000 Onwards],Ram Shiromani,Bahujan Samaj Party,1868891,997007,54.3,5320.00,0.5
396,Mandi,2,GEN,Himachal Pradesh,Ram Swaroop Sharma,Bharatiya Janta Party,1150408,941371,82.3,405459.00,43.1
397,Sheohar,4,GEN,Bihar [2000 Onwards],Rama Devi,Bharatiya Janta Party,1660635,1004559,60.9,340360.00,33.9
398,Vidisha,18,GEN,Madhya Pradesh [2000 Onwards],Ramakant Bhargava,Bharatiya Janta Party,1700678,1250244,74,503084.00,40.2
399,Mayiladuthurai,28,GEN,Tamil Nadu,Ramalingam. S,Dravida Munetra Kazhagam,1466813,1097243,75.4,261314.00,23.8
400,Deoria,66,GEN,Uttar Pradesh [2000 Onwards],Ramapati Ram Tripathi,Bharatiya Janta Party,1751752,1015363,58.7,249931.00,24.6
401,Samastipur,23,SC,Bihar [2000 Onwards],Ramchandra Paswan,Lok Jan Shakti Party,1655671,1019025,63.7,251643.00,24.7
402,Jaipur,7,GEN,Rajasthan,Ramcharan Bohra,Bharatiya Janta Party,2043881,1456404,71.6,430626.00,29.6
403,Wardha,8,GEN,Maharashtra,Ramdas Chandrabhanji Tadas,Bharatiya Janta Party,1679788,1072570,64.2,187191.00,17.5
404,Bhadohi,78,GEN,Uttar Pradesh [2000 Onwards],Ramesh Chand,Bharatiya Janta Party,1886673,1039390,55.6,43615.00,4.2
405,Sonipat,6,GEN,Haryana,Ramesh Chander Kaushik,Bharatiya Janta Party,1493894,1129532,75.8,164864.00,14.6
406,Nabarangpur,12,ST,Orissa,Ramesh Chandra Majhi,Biju Janata Dal,1401704,1159700,85.9,41634.00,3.6
407,Hardwar,5,GEN,Uttarakhand,Ramesh Pokhriyal 'nishank',Bharatiya Janta Party,1785889,1271030,71.5,258729.00,20.4
408,Porbandar,11,GEN,Gujarat,Rameshbhai Lavjibhai Dhaduk,Bharatiya Janta Party,1626015,949947,58.9,229823.00,24.2
409,Dibrugarh,13,GEN,Assam,Rameswar Teli,Bharatiya Janta Party,1265748,1015748,81.9,364566.00,35.9
410,Jhanjharpur,7,GEN,Bihar [2000 Onwards],Ramprit Mandal,Janata Dal (United),1835089,1060562,58.3,322951.00,30.5
411,Alathur,9,SC,Kerala,Ramya Haridas,Indian National Congress,1219063,1018743,84.2,158968.00,15.6
412,Vadodara,20,GEN,Gujarat,Ranjanben Bhatt,Bharatiya Janta Party,1707484,1222348,72.6,589177.00,48.2
413,Bharatpur,9,SC,Rajasthan,Ranjeeta Koli,Bharatiya Janta Party,1897465,1146797,60.7,318399.00,27.8
414,Madha,43,GEN,Maharashtra,Ranjeetsinha Hindurao Naik- Nimbalkar,Bharatiya Janta Party,1825200,1216319,66.8,85764.00,7.1
415,Gurgaon,9,GEN,Haryana,Rao Inderjit Singh,Bharatiya Janta Party,1990711,1446509,72.9,386256.00,26.7
416,Panchmahal,18,GEN,Gujarat,Ratansinh Magansinh Rathod,Bharatiya Janta Party,1696054,1083676,65.1,428541.00,39.5
417,Sabarkantha,5,GEN,Gujarat,Rathod Dipsinh Shankarsinh,Bharatiya Janta Party,1695262,1218354,72.2,268987.00,22.1
418,Chhota Udaipur,21,ST,Gujarat,Rathva Gitaben Vajesingbhai,Bharatiya Janta Party,1433397,1232459,88.3,377943.00,30.7
419,Ambala,1,SC,Haryana,Rattan Lal Kataria,Bharatiya Janta Party,1757524,1316235,75.3,342345.00,26
420,Theni,33,GEN,Tamil Nadu,"Raveendranath Kumar, P",All India Anna Dravida Munnetra Kazhagam,1800597,1173489,65.8,76693.00,6.5
421,Patna Sahib,30,GEN,Bihar [2000 Onwards],Ravi Shankar Prasad,Bharatiya Janta Party,2136800,982285,46.2,284657.00,29
422,Viluppuram,13,SC,Tamil Nadu,Ravikumar D,Dravida Munetra Kazhagam,1400389,1135540,81.9,128068.00,11.3
423,Salempur,71,GEN,Uttar Pradesh [2000 Onwards],Ravinder,Bharatiya Janta Party,1652927,921066,56.2,112477.00,12.2
424,Gorakhpur,64,GEN,Uttar Pradesh [2000 Onwards],Ravindra Shyamnarayan Shukla Alias Ravi Kishan,Bharatiya Janta Party,1960935,1184635,60.8,301664.00,25.5
425,Ludhiana,7,GEN,Punjab,Ravneet Singh Bittu,Indian National Congress,1641976,1046955,64.4,76372.00,7.3
426,Tripura East,2,ST,Tripura,Rebati Tripura,Bharatiya Janta Party,1173233,1045417,90.1,204290.00,19.5
427,Dhaurahra,29,GEN,Uttar Pradesh [2000 Onwards],Rekha Verma,Bharatiya Janta Party,1604211,1063840,67,160611.00,15.1
428,Sarguja,1,ST,Chhattisgarh,Renuka Singh Saruta,Bharatiya Janta Party,1617451,1280689,81,157873.00,12.3
429,Allahabad,52,GEN,Uttar Pradesh [2000 Onwards],Rita Bahuguna Joshi,Bharatiya Janta Party,1679883,889056,53.4,184275.00,20.7
430,Ambedkar Nagar,55,GEN,Uttar Pradesh [2000 Onwards],Ritesh Pandey,Bahujan Samaj Party,1744287,1090152,63.2,95880.00,8.8
431,Sidhi,11,GEN,Madhya Pradesh [2000 Onwards],Riti Pathak,Bharatiya Janta Party,1822205,1282705,70.7,286524.00,22.3
432,Rajgarh,20,GEN,Madhya Pradesh [2000 Onwards],Rodmal Nagar,Bharatiya Janta Party,1649452,1260329,77,431019.00,34.2
433,Arakkonam,7,GEN,Tamil Nadu,S. Jagathrakshakan,Dravida Munetra Kazhagam,1461110,1178060,81.5,328956.00,27.9
434,Kolar,28,SC,Karnataka,S. Muniswamy,Bharatiya Janta Party,1608229,1258551,79.1,210021.00,16.7
435,Burdwan - Durg,39,GEN,West Bengal,S.S Ahluwalia,Bharatiya Janta Party,1905750,1433007,76.2,2439.00,0.2
436,Shirdi,38,SC,Maharashtra,Sadashiv Kisan Lokhande,Shiv Sena,1524878,1029362,67.9,120195.00,11.7
437,Bhopal,19,GEN,Madhya Pradesh [2000 Onwards],Sadhvi Pragya Singh Thakur,Bharatiya Janta Party,2075376,1407954,68.1,364822.00,25.9
438,Uluberia,26,GEN,West Bengal,Sajda Ahmed,All India Trinamool Congress,1775607,1311099,74.4,215359.00,16.4
439,Bhind,2,SC,Madhya Pradesh [2000 Onwards],Sandhya Ray,Bharatiya Janta Party,1711977,960687,56.4,199885.00,20.8
440,Pratapgarh,39,GEN,Uttar Pradesh [2000 Onwards],Sangam Lal Gupta,Bharatiya Janta Party,1670655,914665,55.5,117752.00,12.9
441,Lalganj,68,SC,Uttar Pradesh [2000 Onwards],Sangeeta Azad,Bahujan Samaj Party,1733044,960568,55.7,161597.00,16.8
442,Bolangir,10,GEN,Orissa,Sangeeta Kumari Singh Deo,Bharatiya Janta Party,1677774,1306705,78.8,19516.00,1.5
443,Karnal,5,GEN,Haryana,Sanjay Bhatia,Bharatiya Janta Party,1821231,1300722,71.7,656142.00,50.4
444,Kolhapur,47,GEN,Maharashtra,Sanjay Sadashivrao Mandlik,Shiv Sena,1805949,1330852,74.2,270568.00,20.3
445,Ranchi,8,GEN,Jharkhand,Sanjay Seth,Bharatiya Janta Party,1827355,1235441,67.9,283026.00,22.9
446,Sangli,44,GEN,Maharashtra,Sanjaykaka Patil,Bharatiya Janta Party,1424936,1189958,84,164352.00,13.8
447,Muzaffarnagar,3,GEN,Uttar Pradesh [2000 Onwards],Sanjeev Kumar Balyan,Bharatiya Janta Party,1647368,1160071,70.7,6526.00,0.6
448,West Delhi,6,GEN,Delhi [1977 Onwards],Sant Prasad Sinha,Bharatiya Janta Party,2039410,1441601,71.1,578486.00,40.1
449,Jalandhar,4,SC,Punjab,Santokh Singh Chaudhary,Indian National Congress,1574968,1018998,65.5,19491.00,1.9
450,Purnia,12,GEN,Bihar [2000 Onwards],Santosh Kumar,Janata Dal (United),2055471,1153940,57,263461.00,22.8
451,Bareilly,25,GEN,Uttar Pradesh [2000 Onwards],Santosh Kumar Gangwar,Bharatiya Janta Party,1760865,1068342,60.9,167282.00,15.7
452,Rajnandgaon,6,GEN,Chhattisgarh,Santosh Pandey,Bharatiya Janta Party,1688647,1307033,78.6,111966.00,8.6
453,Koraput,21,ST,Orissa,Saptagiri Sankar Ulaka,Indian National Congress,1385228,1080161,80.6,3613.00,0.3
454,Jajpur,8,SC,Orissa,Sarmistha Sethi,Biju Janata Dal,1413322,1092084,77.8,101693.00,9.3
455,Birbhum,42,GEN,West Bengal,Satabdi Roy,All India Trinamool Congress,1587802,1449423,92.1,88924.00,6.1
456,Aligarh,15,GEN,Uttar Pradesh [2000 Onwards],Satish Kumar Gautam,Bharatiya Janta Party,1847005,1163184,63.3,229261.00,19.7
457,Kanpur,43,GEN,Uttar Pradesh [2000 Onwards],Satyadev Pachauri,Bharatiya Janta Party,1936426,842994,43.7,155934.00,18.5
458,Agra,18,SC,Uttar Pradesh [2000 Onwards],Satyapal Singh Baghel,Bharatiya Janta Party,1866262,1145323,61.7,211546.00,18.5
459,Kancheepuram,6,SC,Tamil Nadu,Selvam.G,Dravida Munetra Kazhagam,1601060,1237612,78.7,286632.00,23.2
460,Nagapattinam,29,SC,Tamil Nadu,Selvaraj M,Communist Party Of India,1292695,1002208,78.3,211353.00,21.1
461,Indore,26,GEN,Madhya Pradesh [2000 Onwards],Shankar Lalwani,Bharatiya Janta Party,2235342,1629108,73.1,547754.00,33.6
462,Pollachi,21,GEN,Tamil Nadu,Shanmuga Sundaram. K,Dravida Munetra Kazhagam,1716498,1081875,63.9,175883.00,16.3
463,Bangaon,14,SC,West Bengal,Shantanu Thakur,Bharatiya Janta Party,1618541,1407758,87.4,111594.00,7.9
464,Mahesana,4,GEN,Gujarat,Shardaben Anilbhai Patel,Bharatiya Janta Party,1607923,1081938,68,281519.00,26
465,Udupi Chikmaga,15,GEN,Karnataka,Shobha Karandlaje,Bharatiya Janta Party,1495439,1151012,77.5,349599.00,30.4
466,Solapur,42,SC,Maharashtra,Shri. Sha. Bra. Dr. Jai Sidheshwar Shivachary Mahaswamiji,Bharatiya Janta Party,1747242,1084514,62.4,158608.00,14.6
467,Satara,45,GEN,Maharashtra,Shrimant Chh. Udayanraje Pratapsinhmaharaj Bhonsle,Nationalist Congress Party,1753567,1115434,64.1,126528.00,11.3
468,North Goa,1,GEN,Goa,Shripad Yesso Naik,Bharatiya Janta Party,545009,428628,79.9,80247.00,18.7
469,Maval,33,GEN,Maharashtra,Shrirang Appa Chandu Barne,Shiv Sena,2175681,1368872,63.6,215913.00,15.8
470,Jaunpur,73,GEN,Uttar Pradesh [2000 Onwards],Shyam Singh Yadav,Bahujan Samaj Party,1759456,1040652,59.3,80936.00,7.8
471,Amethi,37,GEN,Uttar Pradesh [2000 Onwards],Smriti Irani,Bharatiya Janta Party,1703510,942453,55.6,55120.00,5.8
472,Hoshiarpur,5,SC,Punjab,Som Parkash,Bharatiya Janta Party,1548898,990791,64.8,48530.00,4.9
473,Rae Bareli,36,GEN,Uttar Pradesh [2000 Onwards],Sonia Gandhi,Indian National Congress,1628549,958556,59.5,167178.00,17.4
474,Dum Dum,16,GEN,West Bengal,Sougata Ray,All India Trinamool Congress,1699710,1204660,71.7,53002.00,4.4
475,Adilabad,1,ST,Telangana,Soyam Bapu Rao,Bharatiya Janta Party,1382837,1063730,77.9,58560.00,5.5
476,Tiruppur,18,GEN,Tamil Nadu,"Subbarayan, K.",Communist Party Of India,1490562,1119584,76.6,93368.00,8.3
477,Bhilwara,23,GEN,Rajasthan,Subhash Chandra Baheria,Bharatiya Janta Party,1958631,1310513,67.8,612000.00,46.7
478,Kannauj,42,GEN,Uttar Pradesh [2000 Onwards],Subrat Pathak,Bharatiya Janta Party,1827515,1140496,62.9,12353.00,1.1
479,Lohardaga,12,ST,Jharkhand,Sudarshan Bhagat,Bharatiya Janta Party,1187646,817550,69.8,10363.00,1.3
480,Latur,41,SC,Maharashtra,Sudhakar Tukaram Shrangare,Bharatiya Janta Party,1802702,1176542,65.6,289111.00,24.6
481,Mandsour,23,GEN,Madhya Pradesh [2000 Onwards],Sudheer Gupta,Bharatiya Janta Party,1714857,1370667,80.5,376734.00,27.5
482,Balurghat,6,GEN,West Bengal,Sukanta Majumdar,Bharatiya Janta Party,1543162,1197849,78.5,33293.00,2.8
483,Ferozpur,10,GEN,Punjab,Sukhbir Singh Badal,Shiromani Akali Dal,1587296,1172033,74.8,198850.00,17
484,Tonk-Sawai Mad,12,GEN,Rajasthan,Sukhbir Singh Jaunapuria,Bharatiya Janta Party,1893418,1233458,65.6,111291.00,9
485,Mandya,20,GEN,Karnataka,Sumalatha Ambareesh,Independent,1684216,1379210,82.1,125876.00,9.1
486,Sikar,5,GEN,Rajasthan,Sumedhanand Saraswati,Bharatiya Janta Party,1977129,1326969,67.5,297156.00,22.4
487,Bhandara - Gon,11,GEN,Maharashtra,Sunil Baburao Mendhe,Bharatiya Janta Party,1756518,1244931,71.5,197394.00,15.9
488,Bardhaman Purb,38,SC,West Bengal,Sunil Kumar Mondal,All India Trinamool Congress,1836635,1439286,79,89311.00,6.2
489,Sitamarhi,5,GEN,Bihar [2000 Onwards],Sunil Kumar Pintu,Janata Dal (United),1738001,1038849,60.4,250539.00,24.1
490,Chatra,4,GEN,Jharkhand,Sunil Kumar Singh,Bharatiya Janta Party,1375612,925937,67.9,377871.00,40.8
491,Raipur,8,GEN,Chhattisgarh,Sunil Kumar Soni,Bharatiya Janta Party,2046014,1396250,68.5,348238.00,24.9
492,Dumka,2,ST,Jharkhand,Sunil Soren,Bharatiya Janta Party,1349843,1025968,77.1,47590.00,4.6
493,Sirsa,3,SC,Haryana,Sunita Duggal,Bharatiya Janta Party,1740188,1369486,79,309918.00,22.6
494,Gurdaspur,1,GEN,Punjab,Sunny Deol,Bharatiya Janta Party,1535937,1103887,72.5,82459.00,7.5
495,Baramati,35,GEN,Maharashtra,Supriya Sule,Nationalist Congress Party,2025795,1304728,64.8,155774.00,11.9
496,Shimla,4,SC,Himachal Pradesh,Suresh Kumar Kashyap,Bharatiya Janta Party,1153363,913608,79.9,327515.00,35.8
497,Bargarh,1,GEN,Orissa,Suresh Pujari,Bharatiya Janta Party,1530044,1247912,82.5,63939.00,5.1
498,Aurangabad,37,GEN,Bihar [2000 Onwards],Sushil Kumar Singh,Bharatiya Janta Party,1737821,941595,55.5,72607.00,7.7
499,Unnao,33,GEN,Uttar Pradesh [2000 Onwards],Swami Sakshi Ji Maharaj,Bharatiya Janta Party,2160607,1237076,57.8,400956.00,32.4
500,Thrissur,10,GEN,Kerala,T. N. Prathapan,Indian National Congress,1268671,1041869,82.5,93633.00,9
501,Cuddalore,26,GEN,Tamil Nadu,T. R. V .S. Ramesh,Dravida Munetra Kazhagam,1342320,1043202,78.4,143983.00,13.8
502,Chennai South,3,GEN,Tamil Nadu,T.Sumathy (A) THAMIZHACHI THANGAPANDIAN,Dravida Munetra Kazhagam,1916378,1125857,59.6,262223.00,23.3
503,Anantapur,19,,Andhra Pradesh [2014 Onwards],Talari Rangaiah,Yuvajana Sramika Rythu Congress Party,1489758,1342306,91.2,141428.00,10.5
504,Arunachal East,2,GENP,Arunachal Pradesh,Tapir Gao,Bharatiya Janta Party,335682,293781,89.2,69948.00,23.8
505,Raigad,32,GEN,Maharashtra,Tatkare Sunil Dattatray,Nationalist Congress Party,1598012,1025467,64.9,31438.00,3.1
506,Bangalore Sout,26,GEN,Karnataka,Tejasvi Surya,Bharatiya Janta Party,2175375,1188491,55.1,331192.00,27.9
507,Chidambaram,27,SC,Tamil Nadu,Thirumaavalavan Thol,Viduthalai Chiruthaigal Katchi,1459769,1153192,80.1,3219.00,0.3
508,Tiruchirappall,24,GEN,Tamil Nadu,Thirunavukkarasar. Su,Indian National Congress,1489425,1048062,71.3,459286.00,43.8
509,Kottayam,14,GEN,Kerala,Thomas Chazhikadan,Kerala Congress(M),1168104,910339,78.6,106259.00,11.7
510,Garhwal,2,GEN,Uttarakhand,Tirath Singh Rawat,Bharatiya Janta Party,1295238,742784,58.3,302669.00,40.7
511,Nagaland,1,ST,Nagaland,Tokheho Yepthomi,Nationalist Democratic Progressive Party,1190285,1006357,84.7,16344.00,1.6
512,Jorhat,12,GEN,Assam,Topon Kumar Gogoi,Bharatiya Janta Party,1319952,1057965,81.1,82653.00,7.8
513,Haveri,10,GEN,Karnataka,Udasi. S.C.,Bharatiya Janta Party,1680025,1266679,75.8,140882.00,11.1
514,Hoshangabad,17,GEN,Madhya Pradesh [2000 Onwards],Uday Pratap Singh,Bharatiya Janta Party,1650087,1265869,77.8,553682.00,43.7
515,Jalgaon,3,GEN,Maharashtra,Unmesh Bhaiyyasaheb Patil,Bharatiya Janta Party,1845368,1088277,59.5,411617.00,37.8
516,Barabanki,53,SC,Uttar Pradesh [2000 Onwards],Upendra Singh Rawat,Bharatiya Janta Party,1762832,1155341,66,110140.00,9.5
517,Nalgonda,13,GEN,Telangana,Uttam Kumar Reddy Nalamada,Indian National Congress,1501209,1175703,78.7,25682.00,2.2
518,Palakkad,8,GEN,Kerala,V K Sreekandan,Indian National Congress,1274734,1028249,81.2,11637.00,1.1
519,Chamarajanagar,22,SC,Karnataka,V. Srinivas Prasad,Bharatiya Janta Party,1669209,1270658,76.9,1817.00,0.1
520,Khajuraho,8,GEN,Madhya Pradesh [2000 Onwards],V.D. Sharma (VISHNU DATT SHARMA),Bharatiya Janta Party,1801044,1257783,70.4,492382.00,39.1
521,Kakinada,6,,Andhra Pradesh [2014 Onwards],Vanga Geethaviswanath,Yuvajana Sramika Rythu Congress Party,1412538,1234655,88.6,25738.00,2.1
522,Kanniyakumari,39,GEN,Tamil Nadu,Vasanthakumar. H,Indian National Congress,1477243,1048377,71.4,259933.00,24.8
523,Puducherry,1,GEN,Pondicherry,Ve. Vaithilingam,Indian National Congress,969845,790760,82.8,197025.00,24.9
524,Vaishali,16,GEN,Bihar [2000 Onwards],Veena Devi (W/o Dinesh Prasad Singh),Lok Jan Shakti Party,1721658,1074730,63,234584.00,21.8
525,Dindigul,22,GEN,Tamil Nadu,"Velusamy, P.",Dravida Munetra Kazhagam,1518633,1160046,77.3,538972.00,46.5
526,Madurai,32,GEN,Tamil Nadu,Venkatesan S,Communist Party Of India (Marxist),1521452,1016026,67.8,139395.00,13.7
527,Peddapalle,2,SC,Telangana,Venkatesh Netha Borlakunta,Telangana Rashtra Samithi,1368475,970051,71.5,95180.00,9.8
528,Durg,7,GEN,Chhattisgarh,Vijay Baghel,Bharatiya Janta Party,1878677,1391996,74.3,391978.00,28.2
529,Gaya,38,SC,Bihar [2000 Onwards],Vijay Kumar,Janata Dal (United),1698772,957248,58.1,152426.00,15.9
530,Kushi Nagar,65,GEN,Uttar Pradesh [2000 Onwards],Vijay Kumar Dubey,Bharatiya Janta Party,1734356,1053117,61.2,337560.00,32.1
531,Rajmahal,1,ST,Jharkhand,Vijay Kumar Hansdak,Jharkhand Mukti Morcha,1422969,1047657,74.5,99195.00,9.5
532,Ghaziabad,12,GEN,Uttar Pradesh [2000 Onwards],Vijay Kumar Singh,Bharatiya Janta Party,2573715,1524456,59.5,501500.00,32.9
533,Ratnagiri - Si,46,GEN,Maharashtra,Vinayak Raut,Shiv Sena,1393965,901102,65.6,178322.00,19.8
534,Shillong,1,ST,Meghalaya,Vincent H. Pala,Indian National Congress,1154272,784190,68.3,152433.00,19.4
535,Kaushambi,50,SC,Uttar Pradesh [2000 Onwards],Vinod Kumar Sonkar,Bharatiya Janta Party,1743036,974438,56.8,38722.00,4
536,Ballia,72,GEN,Uttar Pradesh [2000 Onwards],Virendra Singh,Bharatiya Janta Party,1792821,989732,55.7,15519.00,1.6
537,Palamau,13,SC,Jharkhand,Vishnu Dayal Ram,Bharatiya Janta Party,1800197,1209747,67.5,477606.00,39.5
538,Arani,12,GEN,Tamil Nadu,Vishnu Prasad M K,Indian National Congress,1407725,1143907,82.5,230806.00,20.2
539,Gwalior,3,GEN,Madhya Pradesh [2000 Onwards],Vivek Narayan Shejwalkar,Bharatiya Janta Party,1938511,1196096,62,146842.00,12.3
540,Bellary,9,ST,Karnataka,Y. Devendrappa,Bharatiya Janta Party,1713330,1221926,71.9,55707.00,4.6
541,Kadapa,21,,Andhra Pradesh [2014 Onwards],Y.S.Avinash Reddy,Yuvajana Sramika Rythu Congress Party,1325963,1228242,93.7,380726.00,31
